Index,Folder,Lek,Pista,DateRange,DateRange_Folder,FileName,studyPeriod,Male,PresentYN,DisplayYN,Snaps,quietSnaps,Grunts,Rolls,Calls,FemVisitation,courtshipSuccess,courtshipSuccess2,Copulation,JuvPresent,Gardening,vidLength,Notes,Observer,Unnamed: 24,is_available,local_path
0,CAMARAS TRAMPAS - Dec 21-Jan 22,Lek 6,Pista 4c,12.14.21-12.18.21,12.14.21-12.18.21,L6.P4c_12.14.21-12.18.21_0045.MP4,,WBY,Y,Y,,3.0,,,,2,0,0,,,,30,two green birds visit; neither enter court,HLA,,True,./curated/femvisitation-videos/L6.P4c_12.14.21-12.18.21_0045.MP4
1,CAMARAS TRAMPAS - Dec 21-Jan 22,Lek 6,Pista 2,12.05.21-12.10.21,12.05.21-12.10.21,12.05.21-12.10.21_0049.MP4,,OBY,Y,Y,8.0,2.0,,,,2,2,0,,,,30,I think these are 2 juveniles.. not sure tho,HLA,,True,./curated/femvisitation-videos/12.05.21-12.10.21_0049.MP4
2,CAMARAS TRAMPAS - Dec 21-Jan 22,Lek 6,Pista 4,11.22.21-11.24.21,11.22.21-11.24.21,L6.P4_11.22.21-11.24.21_0021.MP4,,LOU,Y,Y,14.0,5.0,1.0,,,1,0,0,,,,60,female did not join in courtship dance,HLA,,True,./curated/femvisitation-videos/L6.P4_11.22.21-11.24.21_0021.MP4
3,CAMARAS TRAMPAS - Dec 21-Jan 22,Lek 6,Pista 2,11.18.21-11.22.21,11.18.21-11.22.21,11.18.21-11.22.21_0021.MP4,,OBY,Y,Y,4.0,14.0,,4.0,,1,0,0,,,,60,Green bird looking on (unbanded); no indicators of juv male,HLA,,True,./curated/femvisitation-videos/11.18.21-11.22.21_0021.MP4
4,CAMARAS TRAMPAS - Dec 21-Jan 22,Lek 6,Pista 2,11.24.21-11.30.21,11.24.21-11.30.21,11.24.21-11.30.21_0037.MP4,,OBY,Y,Y,,4.0,,2.0,,1,0,0,,,,60,,HLA,,True,./curated/femvisitation-videos/11.24.21-11.30.21_0037.MP4
5,CAMARAS TRAMPAS - Dec 21-Jan 22,Lek 6,Pista 2,12.14.21-12.18.21,12.14.21-12.18.21,12.14.21-12.18.21_0027.MP4,,OBY,Y,Y,,1.0,,1.0,,1,0,0,,,,30,Prob a female visiting?,HLA,,True,./curated/femvisitation-videos/12.14.21-12.18.21_0027.MP4
6,CAMARAS TRAMPAS - Dec 21-Jan 22,Lek 6,Pista 4c,1.15.22-1.20.22,1.15.22-1.20.22,L6.P4c_1.15.22-1.20.22_0011.MP4,,WBY,Y,Y,1.0,,,1.0,,1,0,0,,,,30,"At least one other male also zooming around, potentially encroaching on WBY territory, leading to chase; crazy video",HLA,,True,./curated/femvisitation-videos/L6.P4c_1.15.22-1.20.22_0011.MP4
7,CAMARAS TRAMPAS - Dec 21-Jan 22,Lek 6,Pista 4c,1.15.22-1.20.22,1.15.22-1.20.22,L6.P4c_1.15.22-1.20.22_0035.MP4,,WBY,Y,Y,1.0,2.0,,1.0,1.0,1,0,0,,,,30,"Male flying back and forth from pista, possibly an undescribed display component; likely a female visitation based on how amped the male is, but not totally sure ",HLA,,True,./curated/femvisitation-videos/L6.P4c_1.15.22-1.20.22_0035.MP4
8,CAMARAS TRAMPAS - Dec 21-Jan 22,Lek 6,Pista 4c,12.14.21-12.18.21,12.14.21-12.18.21,L6.P4c_12.14.21-12.18.21_0024.MP4,,WBY,Y,Y,2.0,2.0,,,2.0,1,0,0,,,,30,NOT SURE IF JUV OR FEMALE,HLA,,True,./curated/femvisitation-videos/L6.P4c_12.14.21-12.18.21_0024.MP4
9,CAMARAS TRAMPAS - Dec 21-Jan 22,Lek 6,Pista 4c,12.14.21-12.18.21,12.14.21-12.18.21,L6.P4c_12.14.21-12.18.21_0025.MP4,,WBY,Y,Y,3.0,,1.0,,,1,0,0,,,,30,NOT SURE IF JUV OR FEMALE,HLA,,True,./curated/femvisitation-videos/L6.P4c_12.14.21-12.18.21_0025.MP4
10,CAMARAS TRAMPAS - Dec 21-Jan 22,Lek 6,Pista 4c,12.14.21-12.18.21,12.14.21-12.18.21,L6.P4c_12.14.21-12.18.21_0037.MP4,,WBY,Y,Y,,4.0,,,,1,0,0,,,,30,,HLA,,True,./curated/femvisitation-videos/L6.P4c_12.14.21-12.18.21_0037.MP4
11,CAMARAS TRAMPAS - Dec 21-Jan 22,Lek 6,Pista 4c,12.14.21-12.18.21,12.14.21-12.18.21,L6.P4c_12.14.21-12.18.21_0051.MP4,,WBY,Y,Y,1.0,1.0,,1.0,1.0,1,0,0,,,,30,Female does not enter court,HLA,,True,./curated/femvisitation-videos/L6.P4c_12.14.21-12.18.21_0051.MP4
12,CAMARAS TRAMPAS - Dec 21-Jan 22,Lek 6,Pista 6,11.24.21-11.30.21 (WWR),11.24.21-11.30.21 (WWR),L6.P6_11.24.21-11.30.21_0010-WWR.MP4,,WWR,Y,N,,,,,,1,0,0,,,,60,Green bird present on sidelines; not sure if female; male pooped,HLA,,True,./curated/femvisitation-videos/L6.P6_11.24.21-11.30.21_0010-WWR.MP4
13,CAMARAS TRAMPAS - Dec 21-Jan 22,Lek 6,Pista 3,12.01.21-12.05.21,12.01.21-12.05.21,L6.P3_12.01.21-12.05.21_0006.MP4,,BUR,Y,Y,3.0,,1.0,,,1,1,1,,,,60,female YRG visiting; they danced for a bit,HLA,,True,./curated/femvisitation-videos/L6.P3_12.01.21-12.05.21_0006.MP4
14,CAMARAS TRAMPAS - Dec 21-Jan 22,Lek 6,Pista 4,01.10.22-01.15.22 (BUR took over),01.10.22-01.15.22 (BUR took over),L6.P4_1.10.22-01.15.22_0032.MP4,,BUR,Y,Y,6.0,,1.0,,1.0,1,1,1,,,,30,suspect female because she is always trying to remain above male; flying at points,,,True,./curated/femvisitation-videos/L6.P4_1.10.22-01.15.22_0032.MP4
15,CAMARAS TRAMPAS - Dec 21-Jan 22,Lek 6,Pista 4,01.15.22-01.20.22,01.15.22-01.20.22,L6.P4_1.15.22-01.20.22_0003.MP4,,BUR,Y,Y,5.0,,1.0,,,1,1,1,,,,30,,,,True,./curated/femvisitation-videos/L6.P4_1.15.22-01.20.22_0003.MP4
16,CAMARAS TRAMPAS - Dec 21-Jan 22,Lek 6,Pista 4,01.15.22-01.20.22,01.15.22-01.20.22,L6.P4_1.15.22-01.20.22_0004.MP4,,BUR,Y,Y,5.0,,1.0,,,1,1,1,,,,30,,,,True,./curated/femvisitation-videos/L6.P4_1.15.22-01.20.22_0004.MP4
17,CAMARAS TRAMPAS - Dec 21-Jan 22,Lek 6,Pista 3,12.14.21-12.18.21 (B),12.14.21-12.18.21 (B),L6.P3_12.14.21-12.18.21_0009.MP4,,BYG,Y,Y,3.0,,1.0,,1.0,1,1,0,,,,30,BYG still only has B; could be juvenile male (just get that sense?) but meets criteria for courtshipSuccess so calling female,HLA,,True,./curated/femvisitation-videos/L6.P3_12.14.21-12.18.21_0009.MP4
18,CAMARAS TRAMPAS - Dec 21-Jan 22,Lek 6,Pista 4,"12.01.21-12.05.21 (LOU, then replaced by B)","12.01.21-12.05.21 (LOU, then replaced by B)",L6.P4_12.01.21-12.05.21_0078.MP4,,BYG,Y,Y,6.0,1.0,,1.0,,1,1,0,,,,60,"green unbanded bird; male not waiting for her to lead, he was leaping to other saplings without her leaping toward him; unsure if juv or f, but meets criteria for courtship success",HLA,,True,./curated/femvisitation-videos/L6.P4_12.01.21-12.05.21_0078.MP4
19,CAMARAS TRAMPAS - Dec 21-Jan 22,Lek 6,Pista 4,"12.01.21-12.05.21 (LOU, then replaced by B)","12.01.21-12.05.21 (LOU, then replaced by B)",L6.P4_12.01.21-12.05.21_0083.MP4,,BYG,Y,Y,4.0,4.0,,,1.0,1,1,1,,,,60,Unbanded green bird,HLA,,True,./curated/femvisitation-videos/L6.P4_12.01.21-12.05.21_0083.MP4
20,CAMARAS TRAMPAS - Dec 21-Jan 22,Lek 6,Pista 4,12.05.21-12.10.21,12.05.21-12.10.21,L6.P4_12.05.21-12.10.21_0001-B.MP4,,BYG,Y,Y,1.0,,,,1.0,1,1,1,,,,30,"Female has G on right leg; male is jumping back and forth between saplings silently, waiting for her to join the courtship dance; does make one leap onto male's perch, so counting as courtship success",HLA,,True,./curated/femvisitation-videos/L6.P4_12.05.21-12.10.21_0001-B.MP4
21,CAMARAS TRAMPAS - Dec 21-Jan 22,Lek 6,Pista 4,12.05.21-12.10.21,12.05.21-12.10.21,L6.P4_12.05.21-12.10.21_0005-B.MP4,,BYG,Y,Y,3.0,1.0,,,2.0,1,1,1,,,,30,Unbanded female briefly entered court,HLA,,True,./curated/femvisitation-videos/L6.P4_12.05.21-12.10.21_0005-B.MP4
22,CAMARAS TRAMPAS - Dec 21-Jan 22,Lek 6,Pista 4b,12.18.21-12.24.21,12.18.21-12.24.21,L6.P4b_12.18.21-12.24.21__0006.MP4,,BYG,Y,Y,2.0,,1.0,,,1,1,1,,,,30,Unbanded green bird; BYG still only has B,HLA,,True,./curated/femvisitation-videos/L6.P4b_12.18.21-12.24.21__0006.MP4
23,CAMARAS TRAMPAS - Dec 21-Jan 22,Lek 6,Pista 1,12.1.21-12.5.21,12.1.21-12.5.21,12.1.21-12.5.21_0006.MP4,,GUY,y,y,10.0,0.0,1.0,0.0,0.0,1,1,1,0.0,0.0,0.0,60,Female WUU,MJ,,True,./curated/femvisitation-videos/12.1.21-12.5.21_0006.MP4
24,CAMARAS TRAMPAS - Dec 21-Jan 22,Lek 6,Pista 1,12.1.21-12.5.21,12.1.21-12.5.21,12.1.21-12.5.21_0018.MP4,,GUY,Y,Y,10.0,1.0,1.0,0.0,0.0,1,1,1,0.0,0.0,0.0,60,female unbanded,MJ,,True,./curated/femvisitation-videos/12.1.21-12.5.21_0018.MP4
25,CAMARAS TRAMPAS - Dec 21-Jan 22,Lek 6,Pista 1,12.5.21-12.10.21,12.5.21-12.10.21,12.5.21-12.10.21_0007.MP4,,GUY,Y,Y,6.0,2.0,0.0,0.0,0.0,1,1,1,0.0,0.0,0.0,30,I think the female was YRG ,MJ,,True,./curated/femvisitation-videos/12.5.21-12.10.21_0007.MP4
26,CAMARAS TRAMPAS - Dec 21-Jan 22,Lek 6,Pista 1,12.5.21-12.10.21,12.5.21-12.10.21,12.5.21-12.10.21_0008.MP4,,GUY,Y,Y,5.0,0.0,1.0,0.0,0.0,1,1,1,0.0,0.0,0.0,30,I think the female was YRG ,MJ,,True,./curated/femvisitation-videos/12.5.21-12.10.21_0008.MP4
27,CAMARAS TRAMPAS - Dec 21-Jan 22,Lek 6,Pista 4,11.18.21-11.22.21,11.18.21-11.22.21,L6.P4_11.18.21-11.22.21_0043.MP4,,LOU,Y,Y,9.0,1.0,,3.0,,1,1,1,,,,60,,DVD,,True,./curated/femvisitation-videos/L6.P4_11.18.21-11.22.21_0043.MP4
28,CAMARAS TRAMPAS - Dec 21-Jan 22,Lek 6,Pista 4,11.18.21-11.22.21,11.18.21-11.22.21,L6.P4_11.18.21-11.22.21_LOU-11.19.21-11-female-visitation1-YRG.MP4,,LOU,Y,Y,20.0,,5.0,3.0,,1,1,1,,,,60,Female YRG,DVD,,True,./curated/femvisitation-videos/L6.P4_11.18.21-11.22.21_LOU-11.19.21-11-female-visitation1-YRG.MP4
29,CAMARAS TRAMPAS - Dec 21-Jan 22,Lek 6,Pista 4,11.18.21-11.22.21,11.18.21-11.22.21,L6.P4_11.18.21-11.22.21_LOU-11.19.21-12-female-visitation2-unbanded.MP4,,LOU,Y,Y,15.0,1.0,1.0,3.0,2.0,1,1,1,,,,60,"Quieter grunt-like sounds observed while snapping/displaying (not counted), different from grunt on ground; possibly a female visitation and then a juvenile visitation?",DVD,,False,./curated/femvisitation-videos/L6.P4_11.18.21-11.22.21_LOU-11.19.21-12-female-visitation2-unbanded.MP4
30,CAMARAS TRAMPAS - Dec 21-Jan 22,Lek 6,Pista 4,11.18.21-11.22.21,11.18.21-11.22.21,L6.P4_11.18.21-11.22.21_LOU-11.19.21-3-female-visitation.MP4,,LOU,Y,Y,12.0,5.0,1.0,,,1,1,1,,,,60,Female YRG,DVD,,True,./curated/femvisitation-videos/L6.P4_11.18.21-11.22.21_LOU-11.19.21-3-female-visitation.MP4
31,CAMARAS TRAMPAS - Dec 21-Jan 22,Lek 6,Pista 4,11.24.21-11.26.21,11.24.21-11.26.21,L6.P4_11.24.21-11.26.21_0044.MP4,,LOU,Y,Y,8.0,,,,,1,1,1,,,,60,female unbanded ,NSA,,True,./curated/femvisitation-videos/L6.P4_11.24.21-11.26.21_0044.MP4
32,CAMARAS TRAMPAS - Dec 21-Jan 22,Lek 6,Pista 4,"12.01.21-12.05.21 (LOU, then replaced by B)","12.01.21-12.05.21 (LOU, then replaced by B)",L6.P4_12.01.21-12.05.21_0027.MP4,,LOU,Y,Y,19.0,,2.0,3.0,1.0,1,1,1,,,,60,Female WUU; BUT ALSO LOOKED LIKE  IT HAD A BEARD -- known female with beard out!!!; split male rolls in half bc could have been neighboring pista,HLA,,True,./curated/femvisitation-videos/L6.P4_12.01.21-12.05.21_0027.MP4
33,CAMARAS TRAMPAS - Dec 21-Jan 22,Lek 6,Pista 4,"12.01.21-12.05.21 (LOU, then replaced by B)","12.01.21-12.05.21 (LOU, then replaced by B)",L6.P4_12.01.21-12.05.21_0028.MP4,,LOU,Y,Y,14.0,,2.0,2.0,2.0,1,1,1,,,,60,Unbanded female,HLA,,True,./curated/femvisitation-videos/L6.P4_12.01.21-12.05.21_0028.MP4
34,CAMARAS TRAMPAS - Dec 21-Jan 22,Lek 6,Pista 4,"12.01.21-12.05.21 (LOU, then replaced by B)","12.01.21-12.05.21 (LOU, then replaced by B)",L6.P4_12.01.21-12.05.21_0030.MP4,,LOU,Y,Y,10.0,,1.0,1.0,5.0,1,1,1,,,,60,WUU visiting again; BEARD UP!,HLA,,True,./curated/femvisitation-videos/L6.P4_12.01.21-12.05.21_0030.MP4
35,CAMARAS TRAMPAS - Dec 21-Jan 22,Lek 6,Pista 4,"12.01.21-12.05.21 (LOU, then replaced by B)","12.01.21-12.05.21 (LOU, then replaced by B)",L6.P4_12.01.21-12.05.21_0034.MP4,,LOU,Y,Y,15.0,2.0,1.0,2.0,1.0,1,1,1,,,,60,WUU back again; beard up,HLA,,True,./curated/femvisitation-videos/L6.P4_12.01.21-12.05.21_0034.MP4
36,CAMARAS TRAMPAS - Dec 21-Jan 22,Lek 6,Pista 4,"12.01.21-12.05.21 (LOU, then replaced by B)","12.01.21-12.05.21 (LOU, then replaced by B)",L6.P4_12.01.21-12.05.21_0037.MP4,,LOU,Y,Y,8.0,,,2.0,3.0,1,1,1,,,,60,WUU again,HLA,,True,./curated/femvisitation-videos/L6.P4_12.01.21-12.05.21_0037.MP4
37,CAMARAS TRAMPAS - Dec 21-Jan 22,Lek 6,Pista 2,11.24.21-11.30.21,11.24.21-11.30.21,11.24.21-11.30.21_0021.MP4,,OBY,Y,Y,6.0,,,,,1,1,1,,,,60,Female appears to be in courtship dance,HLA,,True,./curated/femvisitation-videos/11.24.21-11.30.21_0021.MP4
38,CAMARAS TRAMPAS - Dec 21-Jan 22,Lek 6,Pista 2,11.24.21-11.30.21,11.24.21-11.30.21,11.24.21-11.30.21_0034-female-visitation.MP4,,OBY,Y,Y,8.0,1.0,,1.0,,1,1,1,,,,60,,HLA,,True,./curated/femvisitation-videos/11.24.21-11.30.21_0034-female-visitation.MP4
39,CAMARAS TRAMPAS - Dec 21-Jan 22,Lek 6,Pista 2,11.24.21-11.30.21,11.24.21-11.30.21,11.24.21-11.30.21_0035-female-visitation.MP4,,OBY,Y,Y,6.0,,,3.0,,1,1,1,,,,60,,HLA,,True,./curated/femvisitation-videos/11.24.21-11.30.21_0035-female-visitation.MP4
40,CAMARAS TRAMPAS - Dec 21-Jan 22,Lek 6,Pista 2,12.01.21-12.05.21,12.01.21-12.05.21,12.01.21-12.05.21_0009.MP4,,OBY,Y,Y,2.0,,1.0,,,1,1,1,,,,60,Flying like female; female likely WUU,HLA,,False,./curated/femvisitation-videos/12.01.21-12.05.21_0009.MP4
41,CAMARAS TRAMPAS - Dec 21-Jan 22,Lek 6,Pista 2,12.01.21-12.05.21,12.01.21-12.05.21,12.01.21-12.05.21_0010.MP4,,OBY,Y,Y,13.0,7.0,1.0,5.0,,1,1,1,,,,60,Banded female WUU,HLA,,False,./curated/femvisitation-videos/12.01.21-12.05.21_0010.MP4
42,CAMARAS TRAMPAS - Dec 21-Jan 22,Lek 6,Pista 2,12.01.21-12.05.21,12.01.21-12.05.21,12.01.21-12.05.21_0011.MP4,,OBY,Y,Y,11.0,3.0,1.0,3.0,,1,1,1,,,,60,Unbanded; likely female; 2 mins after previous visitation; this female unbanded,HLA,,False,./curated/femvisitation-videos/12.01.21-12.05.21_0011.MP4
43,CAMARAS TRAMPAS - Dec 21-Jan 22,Lek 6,Pista 2,12.01.21-12.05.21,12.01.21-12.05.21,12.01.21-12.05.21_0012.MP4,,OBY,Y,Y,4.0,6.0,,4.0,1.0,1,1,1,,,,60,WUU again; seems like male is doing more quiet snaps when females are visiting; wonder if this is a close-range signal; could be analagous to female cowbirds preferring less intense male displays,HLA,,False,./curated/femvisitation-videos/12.01.21-12.05.21_0012.MP4
44,CAMARAS TRAMPAS - Dec 21-Jan 22,Lek 6,Pista 2,12.05.21-12.10.21,12.05.21-12.10.21,12.05.21-12.10.21_0018-juv?.MP4,,OBY,Y,Y,7.0,,1.0,1.0,,1,1,1,,,,30,"Flying around but had beard up; must be juv, I think; later revised this; I have seen instances where known females have extended their beards",HLA,,False,./curated/femvisitation-videos/12.05.21-12.10.21_0018-juv?.MP4
45,CAMARAS TRAMPAS - Dec 21-Jan 22,Lek 6,Pista 2,12.05.21-12.10.21,12.05.21-12.10.21,12.05.21-12.10.21_0019.MP4,,OBY,Y,Y,4.0,4.0,,,,1,1,1,,,,30,"Banded green bird, but cannot see colors bc black and white footage; not sure if female or juv male tbh",HLA,,True,./curated/femvisitation-videos/12.05.21-12.10.21_0019.MP4
46,CAMARAS TRAMPAS - Dec 21-Jan 22,Lek 6,Pista 2,12.05.21-12.10.21,12.05.21-12.10.21,12.05.21-12.10.21_0046.MP4,,OBY,Y,Y,5.0,2.0,,1.0,,1,1,1,,,,30,Unbanded green flying,HLA,,True,./curated/femvisitation-videos/12.05.21-12.10.21_0046.MP4
47,CAMARAS TRAMPAS - Dec 21-Jan 22,Lek 6,Pista 2,12.14.21-12.18.21,12.14.21-12.18.21,12.14.21-12.18.21_0022.MP4,,OBY,Y,Y,1.0,,,1.0,,1,1,1,,,,30,Possibly female; green bird at edge of frame,HLA,,True,./curated/femvisitation-videos/12.14.21-12.18.21_0022.MP4
48,CAMARAS TRAMPAS - Dec 21-Jan 22,Lek 6,Pista 1,1.7.22-1.15.22 (incorrect dates on camera),1.7.22-1.15.22 (incorrect dates on camera),1.7.22-1.15.22_0047.MP4,,OGR,Y,Y,11.0,0.0,2.0,0.0,0.0,1,1,1,0.0,0.0,0.0,30,,MJ,,True,./curated/femvisitation-videos/1.7.22-1.15.22_0047.MP4
49,CAMARAS TRAMPAS - Dec 21-Jan 22,Lek 6,Pista 1,12.18.21-12.24.21,12.18.21-12.24.21,12.18.21-12.24.21_0020.MP4,,OGR,Y,Y,14.0,2.0,1.0,1.0,0.0,1,1,1,0.0,0.0,0.0,30,Female unbanded,MJ,,True,./curated/femvisitation-videos/12.18.21-12.24.21_0020.MP4
50,CAMARAS TRAMPAS - Dec 21-Jan 22,Lek 6,Pista 1,12.18.21-12.24.21,12.18.21-12.24.21,12.18.21-12.24.21_0021.MP4,,OGR,Y,Y,0.0,0.0,0.0,1.0,1.0,1,1,1,0.0,0.0,0.0,30,are there one or two snaps at the beginning? Would they both be considered quiet? ,MJ,,True,./curated/femvisitation-videos/12.18.21-12.24.21_0021.MP4
51,CAMARAS TRAMPAS - Dec 21-Jan 22,Lek 6,Pista 1,12.18.21-12.24.21,12.18.21-12.24.21,12.18.21-12.24.21_0022.MP4,,OGR,Y,Y,3.0,2.0,0.0,1.0,1.0,1,1,1,0.0,0.0,0.0,30,Unsure on the calls out of frame. Might be one? ,MJ,,True,./curated/femvisitation-videos/12.18.21-12.24.21_0022.MP4
52,CAMARAS TRAMPAS - Dec 21-Jan 22,Lek 6,Pista 1,12.18.21-12.24.21,12.18.21-12.24.21,12.18.21-12.24.21_0023.MP4,,OGR,Y,Y,3.0,1.0,1.0,0.0,0.0,1,1,1,0.0,0.0,0.0,30,unsure on the calls out of frame. ,MJ,,True,./curated/femvisitation-videos/12.18.21-12.24.21_0023.MP4
53,CAMARAS TRAMPAS - Dec 21-Jan 22,Lek 6,Pista 8,12.5.21-12.10.21,12.5.21-12.10.21,L6.P8_12.5.21-12.10.21_0050-OGR-two-greens.MP4,,OGR,Y,Y,3.0,3.0,,,,1,1,1,,1.0,,30,"TWO GREEN BIRDS; NOT ACTUALLY SURE IF F OR JUV; NEITHER ARE BEARD UP, BOTH AT ONE POINT LEAP TOWARD MALE, ALTHOUGH MALE LEAPS TOWARD ONE AT ONE POINT",HLA,,True,./curated/femvisitation-videos/L6.P8_12.5.21-12.10.21_0050-OGR-two-greens.MP4
54,CAMARAS TRAMPAS - Dec 21-Jan 22,Lek 6,Pista 8,12.5.21-12.10.21,12.5.21-12.10.21,L6.P8_12.5.21-12.10.21_0062.MP4,,OGR,Y,Y,4.0,,1.0,,,1,1,1,,,,30,"Female, looks like YYG but no YYG in datasheet; male slid down pole, probably an attempted mounting; she did not oblige",HLA,,True,./curated/femvisitation-videos/L6.P8_12.5.21-12.10.21_0062.MP4
55,CAMARAS TRAMPAS - Dec 21-Jan 22,Lek 6,Pista 5,1.7.22-1.15.22,1.7.22-1.15.22,L6.P5_1.7.22-1.15.22_0002-UWO_visitation.MP4,,UWO,Y,Y,7.0,,1.0,,,1,1,1,,,,30,,MJ,,True,./curated/femvisitation-videos/L6.P5_1.7.22-1.15.22_0002-UWO_visitation.MP4
56,CAMARAS TRAMPAS - Dec 21-Jan 22,Lek 6,Pista 5,1.7.22-1.15.22,1.7.22-1.15.22,L6.P5_1.7.22-1.15.22_0011.MP4,,UWO,Y,Y,13.0,0.0,2.0,0.0,0.0,1,1,1,0.0,0.0,0.0,30,Rolls outside of frame unclear who they belonged to ,MJ,,True,./curated/femvisitation-videos/L6.P5_1.7.22-1.15.22_0011.MP4
57,CAMARAS TRAMPAS - Dec 21-Jan 22,Lek 6,Pista 5,12.28.21-1.7.22,12.28.21-1.7.22,L6.P5_12.28.21-1.7.22_0010.MP4,,UWO,Y,Y,1.0,0.0,0.0,0.0,0.0,1,1,1,0.0,0.0,0.0,30,"Female engaged at beginning, then left and ate berry. Male stopped displaying",MJ,,True,./curated/femvisitation-videos/L6.P5_12.28.21-1.7.22_0010.MP4
58,CAMARAS TRAMPAS - Dec 21-Jan 22,Lek 6,Pista 4c,1.15.22-1.20.22,1.15.22-1.20.22,L6.P4c_1.15.22-1.20.22_0049.MP4,,WBY,Y,Y,3.0,1.0,,,,1,1,1,,,,30,green bird did wing tuck?,HLA,,True,./curated/femvisitation-videos/L6.P4c_1.15.22-1.20.22_0049.MP4
59,CAMARAS TRAMPAS - Dec 21-Jan 22,Lek 6,Pista 4c,12.14.21-12.18.21,12.14.21-12.18.21,L6.P4c_12.14.21-12.18.21_0038.MP4,,WBY,Y,Y,3.0,2.0,,2.0,,1,1,1,,,,30,second roll was quiet,HLA,,True,./curated/femvisitation-videos/L6.P4c_12.14.21-12.18.21_0038.MP4
60,CAMARAS TRAMPAS - Dec 21-Jan 22,Lek 6,Pista 4c,12.14.21-12.18.21,12.14.21-12.18.21,L6.P4c_12.14.21-12.18.21_0044.MP4,,WBY,Y,Y,4.0,8.0,1.0,2.0,,1,1,1,,,,30,,HLA,,True,./curated/femvisitation-videos/L6.P4c_12.14.21-12.18.21_0044.MP4
61,CAMARAS TRAMPAS - Dec 21-Jan 22,Lek 6,Pista 4c,12.14.21-12.18.21,12.14.21-12.18.21,L6.P4c_12.14.21-12.18.21_0046.MP4,,WBY,Y,Y,4.0,,,,,1,1,1,,,,30,,HLA,,True,./curated/femvisitation-videos/L6.P4c_12.14.21-12.18.21_0046.MP4
62,CAMARAS TRAMPAS - Dec 21-Jan 22,Lek 6,Pista 4c,12.14.21-12.18.21,12.14.21-12.18.21,L6.P4c_12.14.21-12.18.21_0048.MP4,,WBY,Y,Y,3.0,2.0,,1.0,,1,1,1,,,,30,,HLA,,True,./curated/femvisitation-videos/L6.P4c_12.14.21-12.18.21_0048.MP4
63,CAMARAS TRAMPAS - Dec 21-Jan 22,Lek 6,Pista 4c,12.14.21-12.18.21,12.14.21-12.18.21,L6.P4c_12.14.21-12.18.21_0050.MP4,,WBY,Y,Y,,1.0,,,1.0,1,1,0,,,,30,"ALL OF THESE FEMALE VISITATION COUNTS ARE LIKELY THE SAME UNBANDED FEMALE; SHOULD EACH VIDEO COUNT AS N=1, OR SHOULD ALL OF THEM TOTAL 1 VISIT -",HLA,,True,./curated/femvisitation-videos/L6.P4c_12.14.21-12.18.21_0050.MP4
64,CAMARAS TRAMPAS - Dec 21-Jan 22,Lek 6,Pista 4c,12.9.21-12.10.21 - camera R4,12.9.21-12.10.21 - camera R4,L6.P4c_12.9.21-12.10.21_X0016.AVI,,WBY,Y,Y,2.0,,1.0,,,1,1,1,,,,8,Possibly a failed mounting attempt,HLA,,True,./curated/femvisitation-videos/L6.P4c_12.9.21-12.10.21_X0016.AVI
65,CAMARAS TRAMPAS - Dec 21-Jan 22,Lek 8,Pista 1 (ROO),11.22.21-11.30.21,11.22.21-11.30.21,L8.P1_11.22.21-11.30.21_0040.MP4,,ROO,Y,Y,18.0,6.0,1.0,1.0,,2,2,2,,,,60,Two females visited!,HLA,,True,./curated/femvisitation-videos/L8.P1_11.22.21-11.30.21_0040.MP4
66,CAMARAS TRAMPAS - Dec 21-Jan 22,Lek 8,Pista 4 (RLL),12.1.21-12.5.21 (RLL?),12.1.21-12.5.21 (RLL?),L8.P4_12.1.21-12.5.21_X0011.AVI,,,N,N,,,,,,1,0,0,,,,3,,SJR,,False,./curated/femvisitation-videos/L8.P4_12.1.21-12.5.21_X0011.AVI
67,CAMARAS TRAMPAS - Dec 21-Jan 22,Lek 8,Pista 4 (RLL),12.1.21-12.5.21 (RLL?),12.1.21-12.5.21 (RLL?),L8.P4_12.1.21-12.5.21_X0013.AVI,,RLL,Y,N,,,,,,1,0,0,,,,3,"3 second video, likely courting but unable to determine from clip",SJR,,False,./curated/femvisitation-videos/L8.P4_12.1.21-12.5.21_X0013.AVI
68,CAMARAS TRAMPAS - Dec 21-Jan 22,Lek 8,Pista 4 (RLL),12.14.21-12.18.21,12.14.21-12.18.21,L8.P4_12.14.21-12.18.21_0023.MP4,,RLL,Y,Y,2.0,,,,,1,0,0,,,,30,,ALE,,True,./curated/femvisitation-videos/L8.P4_12.14.21-12.18.21_0023.MP4
69,CAMARAS TRAMPAS - Dec 21-Jan 22,Lek 8,Pista 1 (ROO),1.8.22-1.14.22 (fechas son incorrectas en camara),1.8.22-1.14.22 (fechas son incorrectas en camara),L8.P1_1.8.22-1.14.22_0005.MP4,,ROO,Y,Y,5.0,,1.0,,,1,1,1,,,,30,dance but no copulation ,IW,,True,./curated/femvisitation-videos/L8.P1_1.8.22-1.14.22_0005.MP4
70,CAMARAS TRAMPAS - Dec 21-Jan 22,Lek 8,Pista 1 (ROO),1.8.22-1.14.22 (fechas son incorrectas en camara),1.8.22-1.14.22 (fechas son incorrectas en camara),L8.P1_1.8.22-1.14.22_0042.MP4,,ROO,Y,Y,6.0,,1.0,,,1,1,1,,,,30,fem flies in at end ,IW,,True,./curated/femvisitation-videos/L8.P1_1.8.22-1.14.22_0042.MP4
71,CAMARAS TRAMPAS - Dec 21-Jan 22,Lek 8,Pista 1 (ROO),1.8.22-1.14.22 (fechas son incorrectas en camara),1.8.22-1.14.22 (fechas son incorrectas en camara),L8.P1_1.8.22-1.14.22_0055.MP4,,ROO,Y,Y,1.0,,1.0,,,1,1,1,,,,30,"female visit, but flies off quickly ",IW,,True,./curated/femvisitation-videos/L8.P1_1.8.22-1.14.22_0055.MP4
72,CAMARAS TRAMPAS - Dec 21-Jan 22,Lek 8,Pista 1 (ROO),1.8.22-1.14.22 (fechas son incorrectas en camara),1.8.22-1.14.22 (fechas son incorrectas en camara),L8.P1_1.8.22-1.14.22_0056.MP4,,ROO,Y,Y,4.0,,,1.0,1.0,1,1,1,,,,30,female visits and participates in dance,IW,,True,./curated/femvisitation-videos/L8.P1_1.8.22-1.14.22_0056.MP4
73,CAMARAS TRAMPAS - Dec 21-Jan 22,Lek 8,Pista 1 (ROO),1.8.22-1.14.22 (fechas son incorrectas en camara),1.8.22-1.14.22 (fechas son incorrectas en camara),L8.P1_1.8.22-1.14.22_0059.MP4,,ROO,Y,Y,7.0,,1.0,,,1,1,1,,,,30,"female participates in dance, but male flies off first, possible beucase a stick falls in the pista",IW,,True,./curated/femvisitation-videos/L8.P1_1.8.22-1.14.22_0059.MP4
74,CAMARAS TRAMPAS - Dec 21-Jan 22,Lek 8,Pista 1 (ROO),1.8.22-1.14.22 (fechas son incorrectas en camara),1.8.22-1.14.22 (fechas son incorrectas en camara),L8.P1_1.8.22-1.14.22_0078.MP4,,ROO,Y,Y,4.0,,1.0,,,1,1,1,,,,30,"dance with female, no copulatino ",IW,,True,./curated/femvisitation-videos/L8.P1_1.8.22-1.14.22_0078.MP4
75,CAMARAS TRAMPAS - Dec 21-Jan 22,Lek 8,Pista 1 (ROO),1.8.22-1.14.22 (fechas son incorrectas en camara),1.8.22-1.14.22 (fechas son incorrectas en camara),L8.P1_1.8.22-1.14.22_0080.MP4,,ROO,Y,Y,6.0,,1.0,,,1,1,1,,,,30,"dance with female, no copulation ",IW,,True,./curated/femvisitation-videos/L8.P1_1.8.22-1.14.22_0080.MP4
76,CAMARAS TRAMPAS - Dec 21-Jan 22,Lek 8,Pista 1 (ROO),1.8.22-1.14.22 (fechas son incorrectas en camara),1.8.22-1.14.22 (fechas son incorrectas en camara),L8.P1_1.8.22-1.14.22_0092.MP4,,ROO,Y,Y,5.0,,1.0,,,1,1,1,,,,30,,IW,,True,./curated/femvisitation-videos/L8.P1_1.8.22-1.14.22_0092.MP4
77,CAMARAS TRAMPAS - Dec 21-Jan 22,Lek 8,Pista 1 (ROO),1.8.22-1.14.22 (fechas son incorrectas en camara),1.8.22-1.14.22 (fechas son incorrectas en camara),L8.P1_1.8.22-1.14.22_0094.MP4,,ROO,Y,Y,1.0,3.0,,,,1,1,1,,,,30,,IW,CS 1?,True,./curated/femvisitation-videos/L8.P1_1.8.22-1.14.22_0094.MP4
78,CAMARAS TRAMPAS - Dec 21-Jan 22,Lek 8,Pista 1 (ROO),1.8.22-1.14.22 (fechas son incorrectas en camara),1.8.22-1.14.22 (fechas son incorrectas en camara),L8.P1_1.8.22-1.14.22_0095.MP4,,ROO,Y,Y,1.0,1.0,,,,1,1,1,,,,30,strange mix between a roll and snap sound? ,IW,CS 1?,True,./curated/femvisitation-videos/L8.P1_1.8.22-1.14.22_0095.MP4
79,CAMARAS TRAMPAS - Dec 21-Jan 22,Lek 8,Pista 1 (ROO),1.8.22-1.14.22 (fechas son incorrectas en camara),1.8.22-1.14.22 (fechas son incorrectas en camara),L8.P1_1.8.22-1.14.22_0099.MP4,,ROO,Y,Y,9.0,,1.0,,,1,1,1,,,,30,"many rolls in background, not all same bird",IW,,True,./curated/femvisitation-videos/L8.P1_1.8.22-1.14.22_0099.MP4
80,CAMARAS TRAMPAS - Dec 21-Jan 22,Lek 8,Pista 1 (ROO),1.8.22-1.14.22 (fechas son incorrectas en camara),1.8.22-1.14.22 (fechas son incorrectas en camara),L8.P1_1.8.22-1.14.22_0100.MP4,,ROO,Y,Y,3.0,3.0,,,,1,1,1,,,,30,,IW,CS 1?,True,./curated/femvisitation-videos/L8.P1_1.8.22-1.14.22_0100.MP4
81,CAMARAS TRAMPAS - Dec 21-Jan 22,Lek 8,Pista 1 (ROO),11.19.21-11.22.21,11.19.21-11.22.21,L8.P1_11.19.21-11.22.21_0004_ROO-1-female-visitation-WUU.MP4,,ROO,Y,Y,1.0,,,,,1,1,1,,,,60,,,,True,./curated/femvisitation-videos/L8.P1_11.19.21-11.22.21_0004_ROO-1-female-visitation-WUU.MP4
82,CAMARAS TRAMPAS - Dec 21-Jan 22,Lek 8,Pista 1 (ROO),11.19.21-11.22.21,11.19.21-11.22.21,L8.P1_11.19.21-11.22.21_0008.MP4,,,Y,Y,10.0,,2.0,,,1,1,1,,,,60,,,,True,./curated/femvisitation-videos/L8.P1_11.19.21-11.22.21_0008.MP4
83,CAMARAS TRAMPAS - Dec 21-Jan 22,Lek 8,Pista 1 (ROO),11.22.21-11.30.21,11.22.21-11.30.21,L8.P1_11.22.21-11.30.21_0027.MP4,,,Y,Y,7.0,,1.0,3.0,,1,1,1,,,,60,,ALE,,True,./curated/femvisitation-videos/L8.P1_11.22.21-11.30.21_0027.MP4
84,CAMARAS TRAMPAS - Dec 21-Jan 22,Lek 8,Pista 1 (ROO),11.22.21-11.30.21,11.22.21-11.30.21,L8.P1_11.22.21-11.30.21_0039.MP4,,,Y,Y,15.0,,3.0,1.0,3.0,1,1,1,,,,60,,ALE,,True,./curated/femvisitation-videos/L8.P1_11.22.21-11.30.21_0039.MP4
85,CAMARAS TRAMPAS - Dec 21-Jan 22,Lek 8,Pista 1 (ROO),12.1.21-12.5.21,12.1.21-12.5.21,L8.P1_12.1.21-12.5.21_0011.MP4,,ROO,Y,Y,25.0,,4.0,2.0,,1,1,1,,,,60,"dance with female, no copulation",IW,,True,./curated/femvisitation-videos/L8.P1_12.1.21-12.5.21_0011.MP4
86,CAMARAS TRAMPAS - Dec 21-Jan 22,Lek 8,Pista 1 (ROO),12.1.21-12.5.21,12.1.21-12.5.21,L8.P1_12.1.21-12.5.21_0012.MP4,,ROO ,Y,Y,10.0,,2.0,,,1,1,1,,,,60,"dance with female, no copulation; many indistiguishable calls in background ",IW,,True,./curated/femvisitation-videos/L8.P1_12.1.21-12.5.21_0012.MP4
87,CAMARAS TRAMPAS - Dec 21-Jan 22,Lek 8,Pista 1 (ROO),12.1.21-12.5.21,12.1.21-12.5.21,L8.P1_12.1.21-12.5.21_0030.MP4,,ROO,Y,Y,13.0,,2.0,,,1,1,1,,,,60,"female visit, no copulation",IW,,True,./curated/femvisitation-videos/L8.P1_12.1.21-12.5.21_0030.MP4
88,CAMARAS TRAMPAS - Dec 21-Jan 22,Lek 8,Pista 1 (ROO),12.28.21-1.8.22 (camera dates got reset on 12.30 and now are 2 days ahead; eg jan 10 is actually jan 8),12.28.21-1.8.22 (camera dates got reset on 12.30 and now are 2 days ahead; eg jan 10 is actually jan 8),L8.P1_12.28.21-1.8.22_0050.MP4,,ROO,Y,Y,1.0,,,,,1,1,1,,,,30,unkown fem or juvinile visitation; black and white video but most likely ROO,ILW,,True,./curated/femvisitation-videos/L8.P1_12.28.21-1.8.22_0050.MP4
89,CAMARAS TRAMPAS - Dec 21-Jan 22,Lek 8,Pista 1 (ROO),12.28.21-1.8.22 (camera dates got reset on 12.30 and now are 2 days ahead; eg jan 10 is actually jan 8),12.28.21-1.8.22 (camera dates got reset on 12.30 and now are 2 days ahead; eg jan 10 is actually jan 8),L8.P1_12.28.21-1.8.22_0069.MP4,,ROO,Y,Y,12.0,,2.0,,,1,1,1,,,,30,,ILW,,True,./curated/femvisitation-videos/L8.P1_12.28.21-1.8.22_0069.MP4
90,CAMARAS TRAMPAS - Dec 21-Jan 22,Lek 8,Pista 1 (ROO),12.28.21-1.8.22 (camera dates got reset on 12.30 and now are 2 days ahead; eg jan 10 is actually jan 8),12.28.21-1.8.22 (camera dates got reset on 12.30 and now are 2 days ahead; eg jan 10 is actually jan 8),L8.P1_12.28.21-1.8.22_0153.MP4,,ROO,Y,Y,18.0,,4.0,,,1,1,1,,,,30,,ILW,,True,./curated/femvisitation-videos/L8.P1_12.28.21-1.8.22_0153.MP4
91,CAMARAS TRAMPAS - Dec 21-Jan 22,Lek 8,Pista 1 (ROO),12.28.21-1.8.22 (camera dates got reset on 12.30 and now are 2 days ahead; eg jan 10 is actually jan 8),12.28.21-1.8.22 (camera dates got reset on 12.30 and now are 2 days ahead; eg jan 10 is actually jan 8),L8.P1_12.28.21-1.8.22_0277.MP4,,ROO,Y,Y,9.0,,2.0,,,1,1,1,,,,30,,SJR,,True,./curated/femvisitation-videos/L8.P1_12.28.21-1.8.22_0277.MP4
92,CAMARAS TRAMPAS - Dec 21-Jan 22,Lek 8,Pista 1 (ROO),12.5.21-12.17.21 (camera full for afternoon 12.17-morning 12.18),12.5.21-12.17.21 (camera full for afternoon 12.17-morning 12.18),L8.P1_12.5.21-12.17.21_0008.MP4,,ROO,Y,Y,15.0,,3.0,,,1,1,1,,,,30,female unbanded ,NSA,,True,./curated/femvisitation-videos/L8.P1_12.5.21-12.17.21_0008.MP4
93,CAMARAS TRAMPAS - Dec 21-Jan 22,Lek 8,Pista 1 (ROO),12.5.21-12.17.21 (camera full for afternoon 12.17-morning 12.18),12.5.21-12.17.21 (camera full for afternoon 12.17-morning 12.18),L8.P1_12.5.21-12.17.21_0013.MP4,,ROO,Y,Y,13.0,,,,,1,1,1,,,,30,female UNK,NSA,,True,./curated/femvisitation-videos/L8.P1_12.5.21-12.17.21_0013.MP4
94,CAMARAS TRAMPAS - Dec 21-Jan 22,Lek 8,Pista 1 (ROO),12.5.21-12.17.21 (camera full for afternoon 12.17-morning 12.18),12.5.21-12.17.21 (camera full for afternoon 12.17-morning 12.18),L8.P1_12.5.21-12.17.21_0034.MP4,,ROO,Y,Y,13.0,,3.0,,,1,1,1,,,,30,female unbanded ,NSA,,True,./curated/femvisitation-videos/L8.P1_12.5.21-12.17.21_0034.MP4
95,CAMARAS TRAMPAS - Dec 21-Jan 22,Lek 8,Pista 1 (ROO),12.5.21-12.17.21 (camera full for afternoon 12.17-morning 12.18),12.5.21-12.17.21 (camera full for afternoon 12.17-morning 12.18),L8.P1_12.5.21-12.17.21_0043.MP4,,ROO,Y,Y,4.0,,1.0,,,1,1,1,,,,30,female WUU ,NSA,,True,./curated/femvisitation-videos/L8.P1_12.5.21-12.17.21_0043.MP4
96,CAMARAS TRAMPAS - Dec 21-Jan 22,Lek 8,Pista 1 (ROO),12.5.21-12.17.21 (camera full for afternoon 12.17-morning 12.18),12.5.21-12.17.21 (camera full for afternoon 12.17-morning 12.18),L8.P1_12.5.21-12.17.21_0058.MP4,,ROO,Y,Y,6.0,,1.0,,,1,1,1,,,,30,female unbanded; raining,NSA,,True,./curated/femvisitation-videos/L8.P1_12.5.21-12.17.21_0058.MP4
97,CAMARAS TRAMPAS - Dec 21-Jan 22,Lek 8,Pista 1 (ROO),12.5.21-12.17.21 (camera full for afternoon 12.17-morning 12.18),12.5.21-12.17.21 (camera full for afternoon 12.17-morning 12.18),L8.P1_12.5.21-12.17.21_0062.MP4,,ROO,Y,Y,4.0,,,,,1,1,1,,,,30,female unbanded ,NSA,,True,./curated/femvisitation-videos/L8.P1_12.5.21-12.17.21_0062.MP4
98,CAMARAS TRAMPAS - Dec 21-Jan 22,Lek 8,Pista 1 (ROO),12.5.21-12.17.21 (camera full for afternoon 12.17-morning 12.18),12.5.21-12.17.21 (camera full for afternoon 12.17-morning 12.18),L8.P1_12.5.21-12.17.21_0070.MP4,,ROO,Y,Y,4.0,,1.0,,,1,1,1,,,,30,female unbanded ,NSA,,True,./curated/femvisitation-videos/L8.P1_12.5.21-12.17.21_0070.MP4
99,CAMARAS TRAMPAS - Dec 21-Jan 22,Lek 8,Pista 1 (ROO),12.5.21-12.17.21 (camera full for afternoon 12.17-morning 12.18),12.5.21-12.17.21 (camera full for afternoon 12.17-morning 12.18),L8.P1_12.5.21-12.17.21_0075.MP4,,ROO,Y,Y,16.0,,2.0,,,1,1,1,,,,30,female unbanded ,NSA,,True,./curated/femvisitation-videos/L8.P1_12.5.21-12.17.21_0075.MP4
100,CAMARAS TRAMPAS - Dec 21-Jan 22,Lek 8,Pista 1 (ROO),12.5.21-12.17.21 (camera full for afternoon 12.17-morning 12.18),12.5.21-12.17.21 (camera full for afternoon 12.17-morning 12.18),L8.P1_12.5.21-12.17.21_0099.MP4,,ROO,Y,Y,1.0,,,,,1,1,1,,,,30,female unbanded ,NSA,,True,./curated/femvisitation-videos/L8.P1_12.5.21-12.17.21_0099.MP4
101,CAMARAS TRAMPAS - Dec 21-Jan 22,Lek 8,Pista 1 (ROO),12.5.21-12.17.21 (camera full for afternoon 12.17-morning 12.18),12.5.21-12.17.21 (camera full for afternoon 12.17-morning 12.18),L8.P1_12.5.21-12.17.21_0100.MP4,,ROO,Y,Y,1.0,,,,,1,1,1,,,,30,female unbanded ,NSA,,True,./curated/femvisitation-videos/L8.P1_12.5.21-12.17.21_0100.MP4
102,CAMARAS TRAMPAS - Dec 21-Jan 22,Lek 8,Pista 1 (ROO),12.5.21-12.17.21 (camera full for afternoon 12.17-morning 12.18),12.5.21-12.17.21 (camera full for afternoon 12.17-morning 12.18),L8.P1_12.5.21-12.17.21_0102.MP4,,ROO,Y,Y,6.0,,1.0,,,1,1,1,,,,30,female WUU again!,NSA,,True,./curated/femvisitation-videos/L8.P1_12.5.21-12.17.21_0102.MP4
103,CAMARAS TRAMPAS - Dec 21-Jan 22,Lek 8,Pista 1 (ROO),12.5.21-12.17.21 (camera full for afternoon 12.17-morning 12.18),12.5.21-12.17.21 (camera full for afternoon 12.17-morning 12.18),L8.P1_12.5.21-12.17.21_0122.MP4,,ROO,Y,Y,5.0,,1.0,,,1,1,1,,,,30,female unbanded ,NSA,,True,./curated/femvisitation-videos/L8.P1_12.5.21-12.17.21_0122.MP4
104,CAMARAS TRAMPAS - Dec 21-Jan 22,Lek 8,Pista 1 (ROO),12.5.21-12.17.21 (camera full for afternoon 12.17-morning 12.18),12.5.21-12.17.21 (camera full for afternoon 12.17-morning 12.18),L8.P1_12.5.21-12.17.21_0123.MP4,,ROO,Y,Y,7.0,,2.0,,,1,1,1,,,,30,female UNK ,NSA,,True,./curated/femvisitation-videos/L8.P1_12.5.21-12.17.21_0123.MP4
105,CAMARAS TRAMPAS - Dec 21-Jan 22,Lek 8,Pista 1 (ROO),12.5.21-12.17.21 (camera full for afternoon 12.17-morning 12.18),12.5.21-12.17.21 (camera full for afternoon 12.17-morning 12.18),L8.P1_12.5.21-12.17.21_0124.MP4,,ROO,Y,Y,4.0,,1.0,,,1,1,1,,,,30,female UNK ,NSA,,True,./curated/femvisitation-videos/L8.P1_12.5.21-12.17.21_0124.MP4
106,CAMARAS TRAMPAS - Dec 21-Jan 22,Lek 8,Pista 1 (ROO),12.5.21-12.17.21 (camera full for afternoon 12.17-morning 12.18),12.5.21-12.17.21 (camera full for afternoon 12.17-morning 12.18),L8.P1_12.5.21-12.17.21_0127.MP4,,ROO,Y,Y,5.0,1.0,,,,1,1,1,,,,30,female unbanded ,NSA,,True,./curated/femvisitation-videos/L8.P1_12.5.21-12.17.21_0127.MP4
107,CAMARAS TRAMPAS - Dec 21-Jan 22,Lek 8,Pista 3 (RLL > UGO),11.25.21-12.1.21,11.25.21-12.1.21,L8.P3_1.20.22-1.23.22_X0004-female-visitation.AVI,,RLL,Y,Y,2.0,,,,,1,1,1,,,,3,female unbanded ,NSA,,True,./curated/femvisitation-videos/L8.P3_1.20.22-1.23.22_X0004-female-visitation.AVI
108,CAMARAS TRAMPAS - Dec 21-Jan 22,Lek 8,Pista 3 (RLL > UGO),11.25.21-12.1.21,11.25.21-12.1.21,L8.P3_11.25.21-12.1.21_X0005.AVI,,RLL,Y,Y,5.0,,1.0,,,1,1,1,,,,3,female unbanded;probably same visitation as above ,NSA,,False,./curated/femvisitation-videos/L8.P3_11.25.21-12.1.21_X0005.AVI
109,CAMARAS TRAMPAS - Dec 21-Jan 22,Lek 8,Pista 3 (RLL > UGO),12.1.21-12.5.21,12.1.21-12.5.21,L8.P3_12.1.21-12.5.21_X0041.AVI,,RLL,Y,Y,1.0,1.0,,,,1,1,1,,,,3,cannot tell if female or juvenile,STK,,True,./curated/femvisitation-videos/L8.P3_12.1.21-12.5.21_X0041.AVI
110,CAMARAS TRAMPAS - Dec 21-Jan 22,Lek 8,Pista 3 (RLL > UGO),12.1.21-12.5.21,12.1.21-12.5.21,L8.P3_12.1.21-12.5.21_X0042.AVI,,RLL,Y,Y,2.0,,,,,1,1,1,,,,3,cannot tell if female or juvenile,STK,,True,./curated/femvisitation-videos/L8.P3_12.1.21-12.5.21_X0042.AVI
111,CAMARAS TRAMPAS - Dec 21-Jan 22,Lek 8,Pista 3 (RLL > UGO),12.18.21-12.28.21,12.18.21-12.28.21,L8.P3_12.18.21-12.28.21_0003.MP4,,RLL,Y,Y,2.0,,,,,1,1,1,,,,30,,ILW,,True,./curated/femvisitation-videos/L8.P3_12.18.21-12.28.21_0003.MP4
112,CAMARAS TRAMPAS - Dec 21-Jan 22,Lek 8,Pista 3 (RLL > UGO),12.18.21-12.28.21,12.18.21-12.28.21,L8.P3_12.18.21-12.28.21_0119.MP4,,UGO,Y,Y,5.0,,1.0,,,1,1,1,,,,30,female unbanded; inches toward male,ILW,,True,./curated/femvisitation-videos/L8.P3_12.18.21-12.28.21_0119.MP4
113,CAMARAS TRAMPAS - Dec 21-Jan 22,Lek 8,Pista 4 (RLL),12.1.21-12.5.21 (RLL?),12.1.21-12.5.21 (RLL?),L8.P4_12.1.21-12.5.21_X0012.AVI,,RLL,Y,Y,3.0,,1.0,,,1,1,1,,,,3,"courting, 3 second video",SJR,,False,./curated/femvisitation-videos/L8.P4_12.1.21-12.5.21_X0012.AVI
114,CAMARAS TRAMPAS - Dec 21-Jan 22,Lek 8,Pista 4 (RLL),12.14.21-12.18.21,12.14.21-12.18.21,L8.P4_12.14.21-12.18.21_0006.MP4,,RLL,Y,Y,5.0,,1.0,,,1,1,1,,,,30,,ALE,,True,./curated/femvisitation-videos/L8.P4_12.14.21-12.18.21_0006.MP4
115,CAMARAS TRAMPAS - Dec 21-Jan 22,Lek 8,Pista 4 (RLL),12.14.21-12.18.21,12.14.21-12.18.21,L8.P4_12.14.21-12.18.21_0022.MP4,,RLL,Y,Y,2.0,,,,,1,1,1,,,,30,,ALE,,True,./curated/femvisitation-videos/L8.P4_12.14.21-12.18.21_0022.MP4
116,CAMARAS TRAMPAS - Dec 21-Jan 22,Lek 8,Pista 4 (RLL),12.18.21-12.28.21,12.18.21-12.28.21,L8.P4_12.18.21-12.28.21_0011.MP4,,RLL,Y,Y,5.0,,1.0,,,1,1,1,,,,30,,ALE,,True,./curated/femvisitation-videos/L8.P4_12.18.21-12.28.21_0011.MP4
117,CAMARAS TRAMPAS - Feb 22-May 22,Lek 8 - Feb 22-May 22,Pista 1,1.20.22-1.23.22 ( camara esta mal las fechas no bale la pantalla),1.20.22-2.15.22 ( camara esta mal las fechas no bale la pantalla),IMG_0014.MP4,,ROO,Y,Y,6.0,,,,,1,1,1,,,,30,background activity ,SJR,,False,./curated/femvisitation-videos/IMG_0014.MP4
118,CAMARAS TRAMPAS - Dec 21-Jan 22,Lek 14,Pista 1 (ORB),11.26.21-12.5.21,11.26.21-12.5.21,L14.P1_11.26.21-12.5.21_0017.MP4,,ORB,Y,Y,5.0,3.0,,1.0,2.0,1,1,1,,,,60,"Unsure on call number, female is WUU",Autumn Kranz,,True,./curated/femvisitation-videos/L14.P1_11.26.21-12.5.21_0017.MP4
119,CAMARAS TRAMPAS - Dec 21-Jan 22,Lek 14,Pista 1 (ORB),"12.5.21-12.12.21 (ORB, BRU)","12.5.21-12.12.21 (ORB, BRU)",L14.P1_12.5.21-12.12.21_0009.MP4,,ORB,Y,Y,6.0,,1.0,,,1,1,1,,,,60,Female YBY,Autumn Kranz,,True,./curated/femvisitation-videos/L14.P1_12.5.21-12.12.21_0009.MP4
120,CAMARAS TRAMPAS - Dec 21-Jan 22,Lek 14,Pista 2 (YYB),12.14.21-12.18.21,12.14.21-12.18.21,L14.P2_12.14.21-12.18.21_0009.MP4,,YYB,Y,Y,10.0,,1.0,,,1,1,1,,,,30,The male changed to YYB in this video; BRU appears to have been dancing at this pista just a minute prior to this visitation; try to put the female WUU,NSA,,True,./curated/femvisitation-videos/L14.P2_12.14.21-12.18.21_0009.MP4
121,CAMARAS TRAMPAS - Dec 21-Jan 22,Lek 14,Pista 2 (YYB),12.14.21-12.18.21,12.14.21-12.18.21,L14.P2_12.14.21-12.18.21_0010.MP4,,YYB,Y,Y,9.0,,2.0,,1.0,1,1,1,,,,30,"female WUU; HLA added a call, as the loud call at 0:28 was likely the focal male just out of frame",NSA,,True,./curated/femvisitation-videos/L14.P2_12.14.21-12.18.21_0010.MP4
122,CAMARAS TRAMPAS - Dec 21-Jan 22,Lek 14,Pista 2 (YYB),12.5.21-12.12.21,12.5.21-12.12.21,L14.P2_12.5.21-12.12.21_X0030.AVI,,JUV,Y,Y,3.0,,,,,1,1,1,,,,10,,NSA,,True,./curated/femvisitation-videos/L14.P2_12.5.21-12.12.21_X0030.AVI
123,CAMARAS TRAMPAS - Dec 21-Jan 22,Lek 14,Pista 2 (YYB),12.5.21-12.12.21,12.5.21-12.12.21,L14.P2_12.5.21-12.12.21_X0037-visitation-WUU?.AVI,,YYB,Y,Y,9.0,,1.0,,,1,1,1,,,,10,female tagged WUU,NSA,,False,./curated/femvisitation-videos/L14.P2_12.5.21-12.12.21_X0037-visitation-WUU?.AVI
124,CAMARAS TRAMPAS - Dec 21-Jan 22,Lek 14,Pista 2 (YYB),12.5.21-12.12.21,12.5.21-12.12.21,L14.P2_12.5.21-12.12.21_X0038.AVI,,YYB,Y,Y,1.0,,,,,1,1,1,,,,10,,NSA,,True,./curated/femvisitation-videos/L14.P2_12.5.21-12.12.21_X0038.AVI
125,CAMARAS TRAMPAS - Dec 21-Jan 22,Lek 14,Pista 3 (RUB),1.7.22-1.19.22,1.7.22-1.19.22,L14.P3_1.7.22-1.19.22_0067.MP4,,RUB,Y,Y,3.0,0.0,1.0,0.0,0.0,1,1,1,0.0,0.0,0.0,30,fem doing dance w male,KM,,True,./curated/femvisitation-videos/L14.P3_1.7.22-1.19.22_0067.MP4
126,CAMARAS TRAMPAS - Dec 21-Jan 22,Lek 14,Pista 3 (RUB),11.22.21-11.25.21,11.22.21-11.25.21,L14.P3_11.22.21-11.25.21_0026.MP4,,RUB,Y,Y,12.0,1.0,1.0,1.0,,1,1,0,,,,60,female was unbanded and apparently made some calling sounds; 1-minute video,HLA,,True,./curated/femvisitation-videos/L14.P3_11.22.21-11.25.21_0026.MP4
127,CAMARAS TRAMPAS - Dec 21-Jan 22,Lek 14,Pista 3 (RUB),11.25.21-11.29.21,11.25.21-11.29.21,L14.P3_11.25.21-11.29.21_0143.MP4,,RUB,Y,Y,3.0,5.0,,,,1,1,1,,,,60,Female bands: Y??,NSA,,True,./curated/femvisitation-videos/L14.P3_11.25.21-11.29.21_0143.MP4
128,CAMARAS TRAMPAS - Dec 21-Jan 22,Lek 14,Pista 3 (RUB),11.29.21-12.5.21,11.29.21-12.5.21,L14.P3_11.29.21-12.5.21_0028.MP4,,RUB,Y,Y,2.0,3.0,4.0,2.0,1.0,1,1,1,0.0,0.0,0.0,60,female WUU; female and male jumped around perimeter of pista,IW,,True,./curated/femvisitation-videos/L14.P3_11.29.21-12.5.21_0028.MP4
129,CAMARAS TRAMPAS - Dec 21-Jan 22,Lek 14,Pista 3 (RUB),11.29.21-12.5.21,11.29.21-12.5.21,L14.P3_11.29.21-12.5.21_0029.MP4,,RUB,Y,Y,8.0,1.0,2.0,2.0,2.0,1,1,1,,0.0,,60,female WUU visits again a minute later,SJR,Y,True,./curated/femvisitation-videos/L14.P3_11.29.21-12.5.21_0029.MP4
130,CAMARAS TRAMPAS - Dec 21-Jan 22,Lek 14,Pista 3 (RUB),12.14.21-12.16.21 (card filled up very quickly),12.14.21-12.16.21 (card filled up very quickly),L14.P3_12.14.21-12.16.21_0027.MP4,,RUB,Y,Y,7.0,,2.0,,,1,1,1,,,,30,Female bands likely WUU,HLA,,True,./curated/femvisitation-videos/L14.P3_12.14.21-12.16.21_0027.MP4
131,CAMARAS TRAMPAS - Dec 21-Jan 22,Lek 14,Pista 3 (RUB),12.14.21-12.16.21 (card filled up very quickly),12.14.21-12.16.21 (card filled up very quickly),L14.P3_12.14.21-12.16.21_0059.MP4,,RUB,Y,Y,15.0,,1.0,,,1,1,1,,,,30,Female unbanded,,,True,./curated/femvisitation-videos/L14.P3_12.14.21-12.16.21_0059.MP4
132,CAMARAS TRAMPAS - Dec 21-Jan 22,Lek 14,Pista 3 (RUB),12.5.21-12.12.21 (IS THIS CAM WORKING?),12.5.21-12.07.21 (IS THIS CAM WORKING?),L14.P3_12.5.21-12.12.21_0224.MP4,camera messed up,RUB,Y,Y,3.0,,1.0,,,1,1,1,,,,3,"too short video, female: W??",,,True,./curated/femvisitation-videos/L14.P3_12.5.21-12.12.21_0224.MP4
133,CAMARAS TRAMPAS - Dec 21-Jan 22,Lek 14,Pista 4 (BRU),12.28.21-1.8.22,12.28.21-1.8.22,L14.P4_12.28.21-1.8.22_0135.MP4,,BRU,Y,Y,13.0,,1.0,,,1,1,1,,,,30,female unbanded; following path of BRU,EVR,,True,./curated/femvisitation-videos/L14.P4_12.28.21-1.8.22_0135.MP4
134,CAMARAS TRAMPAS - Dec 21-Jan 22,Lek 14,Pista 3 (RUB),1.7.22-1.19.22,1.7.22-1.19.22,L14.P3_1.7.22-1.19.22_0024.MP4,,RUB,Y,Y,1.0,0.0,0.0,0.0,0.0,1,0,0,0.0,0.0,0.0,30,"sounds like roll off camera; known female WUU visiting; female doesn't join male in leg of dance though, so can't count",KM,Y,False,./curated/femvisitation-videos/L14.P3_1.7.22-1.19.22_0024.MP4
135,CAMARAS TRAMPAS - Dec 21-Jan 22,Lek 14,Pista 3 (RUB),11.20.21-11.22.21,11.20.21-11.22.21,L14.P3_11.20.21-11.22.21_RUB-6-female-visitation?.MP4,,RUB,Y,Y,0.0,3.0,0.0,4.0,0.0,1,0,0,0.0,0.0,0.0,60,likely female because he roll snaps as she flies by,KM,,False,./curated/femvisitation-videos/L14.P3_11.20.21-11.22.21_RUB-6-female-visitation?.MP4
136,CAMARAS TRAMPAS - Dec 21-Jan 22,Lek Cabanas,Pista 2 (unbanded),12.18.21-12.28.21,12.18.21-12.28.21,LC.P2_12.18.21-12.28.21_0023.MP4,,UNK,Y,Y,5.0,,1.0,,,2,1,1,,,,30,"female unbanded; two green birds present, only one joins in the dance",NSA,,True,./curated/femvisitation-videos/LC.P2_12.18.21-12.28.21_0023.MP4
137,CAMARAS TRAMPAS - Dec 21-Jan 22,Lek Cabanas,Pista 2 (unbanded),1.13.22-1.17.22 (camara no funciono del 1.17-1.19),1.13.22-1.17.22 (camara no funciono del 1.17-1.19),IMG_0012.MP4,,Unbanded,Y,Y,,,,1.0,,1,0,0,,,,30,Green bird briefly present; unsure if female or juv,HLA,,False,./curated/femvisitation-videos/IMG_0012.MP4
138,CAMARAS TRAMPAS - Dec 21-Jan 22,Lek Cabanas,Pista 4 (unbanded),12.18.21-12.28.21,12.18.21-12.28.21,LC.P4_12.18.21-12.28.21_0020.MP4,,Unbanded,Y,Y,3.0,2.0,,1.0,,1,0,0,,,,30,Not sure if female or juvenile,STK,,True,./curated/femvisitation-videos/LC.P4_12.18.21-12.28.21_0020.MP4
139,CAMARAS TRAMPAS - Dec 21-Jan 22,Lek Cabanas,Pista 5 (unbanded),11.26.21-11.29.21,11.26.21-11.29.21,LC.P5_11.26.21-11.29.21_X0029.AVI,,Unbanded,Y,N,,,,,,1,0,0,,,,3,"Video too short (3 sec), male and female present but no display",DVD,,True,./curated/femvisitation-videos/LC.P5_11.26.21-11.29.21_X0029.AVI
140,CAMARAS TRAMPAS - Dec 21-Jan 22,Lek Cabanas,Pista 2 (unbanded),1.13.22-1.17.22 (camara no funciono del 1.17-1.19),1.13.22-1.17.22 (camara no funciono del 1.17-1.19),IMG_0006.MP4,,Unbanded,Y,Y,9.0,2.0,,,1.0,1,1,1,,,,30,Female banded; can't tell ID,HLA,,False,./curated/femvisitation-videos/IMG_0006.MP4
141,CAMARAS TRAMPAS - Dec 21-Jan 22,Lek Cabanas,Pista 2 (unbanded),11.25.21-11.29.21,11.25.21-11.29.21,LC.P2_11.25.21-11.29.21_0027_Mm-11.26.21-1-female-visitation.MP4,,Unbanded,Y,Y,7.0,4.0,2.0,2.0,,1,1,1,,,,60,female unbanded,DVD,,True,./curated/femvisitation-videos/LC.P2_11.25.21-11.29.21_0027_Mm-11.26.21-1-female-visitation.MP4
142,CAMARAS TRAMPAS - Dec 21-Jan 22,Lek Cabanas,Pista 2 (unbanded),11.30.21-12.5.21,11.30.21-12.5.21,LC.P2_11.30.21-12.5.21_0011.MP4,,Unbanded,Y,Y,10.0,,1.0,1.0,,1,1,1,,,,60,another unidentifiable call in background,ILW,,True,./curated/femvisitation-videos/LC.P2_11.30.21-12.5.21_0011.MP4
143,CAMARAS TRAMPAS - Dec 21-Jan 22,Lek Cabanas,Pista 2 (unbanded),12.18.21-12.28.21,12.18.21-12.28.21,LC.P2_12.18.21-12.28.21_0058.MP4,,UNK,Y,Y,17.0,,2.0,,,1,1,1,,,,30,"female unbanded, UNK flew away first",NSA,,True,./curated/femvisitation-videos/LC.P2_12.18.21-12.28.21_0058.MP4
144,CAMARAS TRAMPAS - Dec 21-Jan 22,Lek Cabanas,Pista 2 (unbanded),12.5.21-12.18.21,12.5.21-12.18.21,LC.P2_12.5.21-12.18.21_0001.MP4,,Unbanded,Y,Y,14.0,,2.0,,,1,1,1,,,,30,,ILW,,True,./curated/femvisitation-videos/LC.P2_12.5.21-12.18.21_0001.MP4
145,CAMARAS TRAMPAS - Dec 21-Jan 22,Lek Cabanas,Pista 3 (LYW),11.22.21-11.25.21,11.22.21-11.25.21,LC.P3_11.22.21-11.25.21_X0046.AVI,,UNK,Y,Y,1.0,1.0,0.0,0.0,0.0,1,1,1,0.0,0.0,0.0,3,,MGM,,True,./curated/femvisitation-videos/LC.P3_11.22.21-11.25.21_X0046.AVI
146,CAMARAS TRAMPAS - Dec 21-Jan 22,Lek Cabanas,Pista 3 (LYW),11.30.21-12.5.21,11.30.21-12.5.21,LC.P3_11.30.21-12.5.21_0005.MP4,,LYW,Y,Y,10.0,,2.0,,,1,1,1,,,,60,female YYB; video cuts off while both still present,NSA,,True,./curated/femvisitation-videos/LC.P3_11.30.21-12.5.21_0005.MP4
147,CAMARAS TRAMPAS - Dec 21-Jan 22,Lek Cabanas,Pista 3 (LYW),11.30.21-12.5.21,11.30.21-12.5.21,LC.P3_11.30.21-12.5.21_0037.MP4,,LYW,Y,Y,3.0,,,,,1,1,0,,,,60,"banded Y??; tough call about courtship success, but counting it because female was engaged for at least one jump",NSA,,True,./curated/femvisitation-videos/LC.P3_11.30.21-12.5.21_0037.MP4
148,CAMARAS TRAMPAS - Dec 21-Jan 22,Lek Cabanas,Pista 4 (unbanded),11.26.21-11.29.21,11.26.21-11.29.21,LC.P4_11.26.21-11.29.21_X0008_Unbanded-11.26.21-6_female-visitation.AVI,,Unbanded,Y,Y,1.0,,,,,1,1,1,,,,5,,STK,,True,./curated/femvisitation-videos/LC.P4_11.26.21-11.29.21_X0008_Unbanded-11.26.21-6_female-visitation.AVI
149,CAMARAS TRAMPAS - Dec 21-Jan 22,Lek Cabanas,Pista 4 (unbanded),12.28.21-1.13.22,12.28.21-1.13.22,LC.P4_12.28.21-1.13.22_0027.MP4,,Unbanded,Y,Y,3.0,,,,,1,1,1,,,,30,,SJR,,True,./curated/femvisitation-videos/LC.P4_12.28.21-1.13.22_0027.MP4
150,CAMARAS TRAMPAS - Dec 21-Jan 22,Lek Cabanas,Pista 4 (unbanded),12.6.21-12.14.21,12.6.21-12.14.21,LC.P4_12.6.21-12.14.21_X0042.AVI,,Unbanded,Y,Y,3.0,,,,,1,1,1,,,,10,,ILW,,True,./curated/femvisitation-videos/LC.P4_12.6.21-12.14.21_X0042.AVI
151,CAMARAS TRAMPAS - Dec 21-Jan 22,Lek Cabanas,Pista 4 (unbanded),12.6.21-12.14.21,12.6.21-12.14.21,LC.P4_12.6.21-12.14.21_X0056.AVI,,Unbanded,Y,Y,3.0,,,,,1,1,1,,,,10,,ILW,,True,./curated/femvisitation-videos/LC.P4_12.6.21-12.14.21_X0056.AVI
152,CAMARAS TRAMPAS - Dec 21-Jan 22,Lek Cabanas,Pista 4 (unbanded),12.6.21-12.14.21,12.6.21-12.14.21,LC.P4_12.6.21-12.14.21_X0086.AVI,,Unbanded,Y,Y,5.0,,,,,1,1,1,,,,10,,ILW,,True,./curated/femvisitation-videos/LC.P4_12.6.21-12.14.21_X0086.AVI
153,CAMARAS TRAMPAS - Dec 21-Jan 22,Lek Cabanas,Pista 5 (unbanded),11.26.21-11.29.21,11.26.21-11.29.21,LC.P5_11.26.21-11.29.21_X0004-Unbanded-11.26.21-6_female-visitation.AVI,,Unbanded,Y,Y,1.0,,,,,1,1,1,,,,3,,DVD,,True,./curated/femvisitation-videos/LC.P5_11.26.21-11.29.21_X0004-Unbanded-11.26.21-6_female-visitation.AVI
154,CAMARAS TRAMPAS - Dec 21-Jan 22,Lek Cabanas,Pista 5 (unbanded),11.30.21-12.5.21,11.30.21-12.5.21,LC.P5_11.30.21-12.5.21_X0015.AVI,,Unbanded,Y,Y,4.0,,1.0,,,1,1,1,,,,3,,DVD,,True,./curated/femvisitation-videos/LC.P5_11.30.21-12.5.21_X0015.AVI
155,CAMARAS TRAMPAS - Feb 22-May 22,Lek Cabanas - Feb 22-May 22,Pista 2,1.19.22-1.23.22,1.17.22-2.17.22,IMG_0006.MP4,,UNK,Y,Y,7.0,2.0,1.0,3.0,,1,1,1,,,,30,,JTK,determined that camera was dead from 1.17.22-1.19.22 (see note on LC.P2 folder from Dec-Jan 22) and therefore changed start date to 1.19 here,False,./curated/femvisitation-videos/IMG_0006.MP4
156,CAMARAS TRAMPAS - Feb 22-May 22,Lek Cabanas - Feb 22-May 22,Pista 2,1.19.22-1.23.22,1.17.22-2.17.22,IMG_0007.MP4,,UNK,Y,Y,13.0,,,1.0,,1,1,1,,,,30,,JTK,determined that camera was dead from 1.17.22-1.19.22 (see note on LC.P2 folder from Dec-Jan 22) and therefore changed start date to 1.19 here,False,./curated/femvisitation-videos/IMG_0007.MP4
157,CAMARAS TRAMPAS - Dec 21-Jan 22,Lek Mocoras,Pista 2 (YYR),12.18.21-12.26.21 (card full midday 12.26 to eod 12.28),12.18.21-12.26.21 (card full midday 12.26 to eod 12.28),LM.P2_12.18.21-12.26.21_0171.MP4,,YYR,Y,Y,19.0,1.0,2.0,,,2,1,0,0.0,,,30,confrontation between two females??,ILW,Y,True,./curated/femvisitation-videos/LM.P2_12.18.21-12.26.21_0171.MP4
158,CAMARAS TRAMPAS - Dec 21-Jan 22,Lek Mocoras,Pista 2 (YYR),12.5.21-12.11.21 (card full midday 12.11-12.14),12.5.21-12.11.21 (card full midday 12.11-12.14),LM.P2_12.5.21-12.11.21_0018.MP4,,YYR,Y,Y,6.0,,1.0,,,2,1,1,,,,30,female unbanded; two females visiting at once,NSA,,True,./curated/femvisitation-videos/LM.P2_12.5.21-12.11.21_0018.MP4
159,CAMARAS TRAMPAS - Dec 21-Jan 22,Lek Mocoras,Pista 2 (YYR),12.18.21-12.26.21 (card full midday 12.26 to eod 12.28),12.18.21-12.26.21 (card full midday 12.26 to eod 12.28),LM.P2_12.18.21-12.26.21_0214.MP4,,YYR,Y,Y,6.0,,1.0,,,1,0,0,0.0,,,30,same female visitation continued; not counting in courtshipSuccess because don't want it to count twice for analysis,ILW,Y,True,./curated/femvisitation-videos/LM.P2_12.18.21-12.26.21_0214.MP4
160,CAMARAS TRAMPAS - Dec 21-Jan 22,Lek Mocoras,Pista 2 (YYR),1.13.22-1.20.22,1.13.22-1.20.22,LM.P2_1.13.22-1.20.22_0016.MP4,,YYR,Y,Y,2.0,,1.0,,,1,1,0,,,,30,almost certainly same visitation as last video (continuation),STK,Y,True,./curated/femvisitation-videos/LM.P2_1.13.22-1.20.22_0016.MP4
161,CAMARAS TRAMPAS - Dec 21-Jan 22,Lek Mocoras,Pista 2 (YYR),1.13.22-1.20.22,1.13.22-1.20.22,LM.P2_1.13.22-1.20.22_0017.MP4,,YYR,Y,Y,1.0,1.0,1.0,,,1,1,0,,,,30,"technically she landed on a different sapling than the male was on, but I think this was due to the orientation of the saplings on the court (in previous video, another female had issues landing on the intended sapling)? counting",STK,Y,True,./curated/femvisitation-videos/LM.P2_1.13.22-1.20.22_0017.MP4
162,CAMARAS TRAMPAS - Dec 21-Jan 22,Lek Mocoras,Pista 2 (YYR),11.24.21-11.28.21 (card full; no footage from midday 11.28 to 11.30),11.24.21-11.28.21 (card full; no footage from midday 11.28 to 11.30),LM.P2_11.24.21-11.28.21_0004-female-visitation.MP4,,YYR,Y,Y,6.0,,1.0,,,1,1,0,,,,60,female unbanded; jumping not flying -- maybe juv? Male left first..,NSA,Y,True,./curated/femvisitation-videos/LM.P2_11.24.21-11.28.21_0004-female-visitation.MP4
163,CAMARAS TRAMPAS - Dec 21-Jan 22,Lek Mocoras,Pista 2 (YYR),12.18.21-12.26.21 (card full midday 12.26 to eod 12.28),12.18.21-12.26.21 (card full midday 12.26 to eod 12.28),LM.P2_12.18.21-12.26.21_0072.MP4,,YYR,Y,Y,4.0,4.0,,,,1,1,0,0.0,,,30,sort of a weird one dance-wise. Can see streakiness on the chest of the green bird?,ILW,Y,True,./curated/femvisitation-videos/LM.P2_12.18.21-12.26.21_0072.MP4
164,CAMARAS TRAMPAS - Dec 21-Jan 22,Lek Mocoras,Pista 2 (YYR),12.5.21-12.11.21 (card full midday 12.11-12.14),12.5.21-12.11.21 (card full midday 12.11-12.14),LM.P2_12.5.21-12.11.21_0148.MP4,,YYR,Y,Y,3.0,,,,,1,1,0,,,,30,"female unbanded; NSA said juv present, but I think probably fem visitation (courtship success true)",HLA,Y,True,./curated/femvisitation-videos/LM.P2_12.5.21-12.11.21_0148.MP4
165,CAMARAS TRAMPAS - Dec 21-Jan 22,Lek Mocoras,Pista 4 (URU),1.8.22-1.13.22,1.8.22-1.13.22,LM.P4_1.8.22-1.13.22_0049.MP4,,URU,Y,Y,9.0,1.0,2.0,,,1,1,0,,,,30,possible light wingsnap noise by green bird? -hla,DVD,Y,True,./curated/femvisitation-videos/LM.P4_1.8.22-1.13.22_0049.MP4
166,CAMARAS TRAMPAS - Dec 21-Jan 22,Lek Mocoras,Pista 4 (URU),1.8.22-1.13.22,1.8.22-1.13.22,LM.P4_1.8.22-1.13.22_0105.MP4,,URU,Y,Y,15.0,2.0,3.0,,,1,1,0,0.0,,,30,green bird may be leaping more than flying?,ILW,Y,True,./curated/femvisitation-videos/LM.P4_1.8.22-1.13.22_0105.MP4
167,CAMARAS TRAMPAS - Dec 21-Jan 22,Lek Mocoras,Pista 4 (URU),12.1.21-12.5.21,12.1.21-12.5.21,LM.P4_12.1.21-12.5.21_0022.MP4,,URU,Y,Y,16.0,1.0,,,,1,1,0,,,,60,"STK marked as juv, but this bird seems to be flying, not leaping; marking as female",STK,Y,True,./curated/femvisitation-videos/LM.P4_12.1.21-12.5.21_0022.MP4
168,CAMARAS TRAMPAS - Dec 21-Jan 22,Lek Mocoras,Pista 2 (YYR),1.13.22-1.20.22,1.13.22-1.20.22,LM.P2_1.13.22-1.20.22_0024.MP4,,YYR,Y,Y,,3.0,,2.0,,1,0,0,,,,30,female did not join dance,STK,,True,./curated/femvisitation-videos/LM.P2_1.13.22-1.20.22_0024.MP4
169,CAMARAS TRAMPAS - Dec 21-Jan 22,Lek Mocoras,Pista 2 (YYR),11.19.21-11.21.21,11.19.21-11.21.21,LM.P2_11.19.21-11.21.21_0016.MP4,,YYR,Y,N,,,,,,1,0,0,,,,60,"female unbanded; did not join male in dance, did not count as courtshipSuccess",NSA,,True,./curated/femvisitation-videos/LM.P2_11.19.21-11.21.21_0016.MP4
170,CAMARAS TRAMPAS - Dec 21-Jan 22,Lek Mocoras,Pista 2 (YYR),11.24.21-11.28.21 (card full; no footage from midday 11.28 to 11.30),11.24.21-11.28.21 (card full; no footage from midday 11.28 to 11.30),LM.P2_11.24.21-11.28.21_0015.MP4,,YYR,Y,N,,,,,,1,0,0,,,,60,female unbanded ,NSA,,True,./curated/femvisitation-videos/LM.P2_11.24.21-11.28.21_0015.MP4
171,CAMARAS TRAMPAS - Dec 21-Jan 22,Lek Mocoras,Pista 2 (YYR),12.18.21-12.26.21 (card full midday 12.26 to eod 12.28),12.18.21-12.26.21 (card full midday 12.26 to eod 12.28),LM.P2_12.18.21-12.26.21_0175.MP4,,YYR,Y,N,,,,,,1,0,0,0.0,,,30,end of same visitation,ILW,,True,./curated/femvisitation-videos/LM.P2_12.18.21-12.26.21_0175.MP4
172,CAMARAS TRAMPAS - Dec 21-Jan 22,Lek Mocoras,Pista 2 (YYR),12.5.21-12.11.21 (card full midday 12.11-12.14),12.5.21-12.11.21 (card full midday 12.11-12.14),LM.P2_12.5.21-12.11.21_0020.MP4,,YYR,Y,N,,,,,,1,0,0,,,,30,"female unbanded, no snaps in front of female only jumping",NSA,,True,./curated/femvisitation-videos/LM.P2_12.5.21-12.11.21_0020.MP4
173,CAMARAS TRAMPAS - Dec 21-Jan 22,Lek Mocoras,Pista 2 (YYR),12.5.21-12.11.21 (card full midday 12.11-12.14),12.5.21-12.11.21 (card full midday 12.11-12.14),LM.P2_12.5.21-12.11.21_0050.MP4,,YYR,Y,Y,,3.0,,,,1,0,0,,,,30,female unbanded; doesn't actually join male in dance; never leaps to the same stick where he is perched,NSA,,True,./curated/femvisitation-videos/LM.P2_12.5.21-12.11.21_0050.MP4
174,CAMARAS TRAMPAS - Dec 21-Jan 22,Lek Mocoras,Pista 5 (unknown),1.8.22-1.20.22,1.8.22-1.20.22,LM.P5_1.8.22-1.20.22_0024.MP4,,,Y,Y,5.0,,,,,1,0,0,,,,30,,ALE,,True,./curated/femvisitation-videos/LM.P5_1.8.22-1.20.22_0024.MP4
175,CAMARAS TRAMPAS - Feb 22-May 22,Lek Mocoras - Feb 22-May 22,Pista 5,1.20.22-1.24.22 (LA camara se estaba secando 1.27.22-2.2.22),1.20.22-1.27.22 (LA camara se estaba secando 1.27.22-2.2.22),IMG_0012.MP4,,URU,Y,Y,,3.0,,3.0,,1,0,0,,,,30,,SJR,,False,./curated/femvisitation-videos/IMG_0012.MP4
176,CAMARAS TRAMPAS - Dec 21-Jan 22,Lek Mocoras,Pista 1 (YYR),11.19.21-11.21.21,11.19.21-11.21.21,LM.P1_11.19.21-11.21.21_YYR-1-female-visitation.MP4,,YYR,Y,Y,11.0,,,2.0,,1,1,1,,,,30,9 snaps heard off camera,STK,,True,./curated/femvisitation-videos/LM.P1_11.19.21-11.21.21_YYR-1-female-visitation.MP4
177,CAMARAS TRAMPAS - Dec 21-Jan 22,Lek Mocoras,Pista 2 (YYR),1.13.22-1.20.22,1.13.22-1.20.22,LM.P2_1.13.22-1.20.22_0013.MP4,,YYR,Y,Y,2.0,3.0,,,1.0,1,1,1,,,,30,,STK,,True,./curated/femvisitation-videos/LM.P2_1.13.22-1.20.22_0013.MP4
178,CAMARAS TRAMPAS - Dec 21-Jan 22,Lek Mocoras,Pista 2 (YYR),1.13.22-1.20.22,1.13.22-1.20.22,LM.P2_1.13.22-1.20.22_0015.MP4,,YYR,Y,Y,1.0,,,,,1,1,1,,,,30,,STK,,True,./curated/femvisitation-videos/LM.P2_1.13.22-1.20.22_0015.MP4
179,CAMARAS TRAMPAS - Dec 21-Jan 22,Lek Mocoras,Pista 2 (YYR),1.13.22-1.20.22,1.13.22-1.20.22,LM.P2_1.13.22-1.20.22_0045.MP4,,YYR,Y,Y,15.0,1.0,1.0,,,1,1,1,,,,30,,STK,,True,./curated/femvisitation-videos/LM.P2_1.13.22-1.20.22_0045.MP4
180,CAMARAS TRAMPAS - Dec 21-Jan 22,Lek Mocoras,Pista 2 (YYR),1.13.22-1.20.22,1.13.22-1.20.22,LM.P2_1.13.22-1.20.22_0052.MP4,,YYR,Y,Y,5.0,1.0,,,,1,1,1,,,,30,,STK,,True,./curated/femvisitation-videos/LM.P2_1.13.22-1.20.22_0052.MP4
181,CAMARAS TRAMPAS - Dec 21-Jan 22,Lek Mocoras,Pista 2 (YYR),1.13.22-1.20.22,1.13.22-1.20.22,LM.P2_1.13.22-1.20.22_0058.MP4,,YYR,Y,Y,5.0,,1.0,,,1,1,1,,,,30,,STK,,True,./curated/femvisitation-videos/LM.P2_1.13.22-1.20.22_0058.MP4
182,CAMARAS TRAMPAS - Dec 21-Jan 22,Lek Mocoras,Pista 2 (YYR),11.19.21-11.21.21,11.19.21-11.21.21,LM.P2_11.19.21-11.21.21_0011.MP4,,YYR,Y,Y,12.0,,1.0,1.0,1.0,1,1,1,,,,60,female WUU; there is something visibly good about this male's dance? dude has style.. more curvature in the jump snap? - HLA,HLA,,False,./curated/femvisitation-videos/LM.P2_11.19.21-11.21.21_0011.MP4
183,CAMARAS TRAMPAS - Dec 21-Jan 22,Lek Mocoras,Pista 2 (YYR),11.19.21-11.21.21,11.19.21-11.21.21,LM.P2_11.19.21-11.21.21_0015.MP4,,YYR,Y,Y,7.0,5.0,,1.0,,1,1,1,,,,60,female unbanded,HLA,,True,./curated/femvisitation-videos/LM.P2_11.19.21-11.21.21_0015.MP4
184,CAMARAS TRAMPAS - Dec 21-Jan 22,Lek Mocoras,Pista 2 (YYR),11.19.21-11.21.21,11.19.21-11.21.21,LM.P2_11.19.21-11.21.21_YYR-13-WUU-juv?.MP4,,YYR,Y,Y,7.0,,1.0,,,1,1,1,,,,60,female WUU; beard up,NSA,,False,./curated/femvisitation-videos/LM.P2_11.19.21-11.21.21_YYR-13-WUU-juv?.MP4
185,CAMARAS TRAMPAS - Dec 21-Jan 22,Lek Mocoras,Pista 2 (YYR),11.19.21-11.21.21,11.19.21-11.21.21,LM.P2_11.19.21-11.21.21_YYR-3-female-visitation.MP4,,YYR,Y,Y,2.0,,,,,1,1,1,,,,60,female unbanded ,NSA,,True,./curated/femvisitation-videos/LM.P2_11.19.21-11.21.21_YYR-3-female-visitation.MP4
186,CAMARAS TRAMPAS - Dec 21-Jan 22,Lek Mocoras,Pista 2 (YYR),11.19.21-11.21.21,11.19.21-11.21.21,LM.P2_11.19.21-11.21.21_YYR-4-female-visitation.MP4,,YYR,Y,Y,1.0,,,,,1,1,1,,,,60,female unbanded ,NSA,,True,./curated/femvisitation-videos/LM.P2_11.19.21-11.21.21_YYR-4-female-visitation.MP4
187,CAMARAS TRAMPAS - Dec 21-Jan 22,Lek Mocoras,Pista 2 (YYR),11.21.21-11.24.21,11.21.21-11.24.21,LM.P2_11.21.21-11.24.21_YYR-31-female-visitation.MP4,,YYR,Y,Y,7.0,,1.0,1.0,,1,1,1,,,,60,female unbanded ,HLA,,True,./curated/femvisitation-videos/LM.P2_11.21.21-11.24.21_YYR-31-female-visitation.MP4
188,CAMARAS TRAMPAS - Dec 21-Jan 22,Lek Mocoras,Pista 2 (YYR),11.21.21-11.24.21,11.21.21-11.24.21,LM.P2_11.21.21-11.24.21_YYR-32-female-visitation.MP4,,YYR,Y,Y,4.0,,1.0,,,1,1,1,,,,60,female unbanded ,NSA,,True,./curated/femvisitation-videos/LM.P2_11.21.21-11.24.21_YYR-32-female-visitation.MP4
189,CAMARAS TRAMPAS - Dec 21-Jan 22,Lek Mocoras,Pista 2 (YYR),11.21.21-11.24.21,11.21.21-11.24.21,LM.P2_11.21.21-11.24.21_YYR-33-female visitation.MP4,,YYR,Y,Y,9.0,,1.0,1.0,,1,1,1,,,,60,female unbanded ,HLA,,True,./curated/femvisitation-videos/LM.P2_11.21.21-11.24.21_YYR-33-female visitation.MP4
190,CAMARAS TRAMPAS - Dec 21-Jan 22,Lek Mocoras,Pista 2 (YYR),11.24.21-11.28.21 (card full; no footage from midday 11.28 to 11.30),11.24.21-11.28.21 (card full; no footage from midday 11.28 to 11.30),LM.P2_11.24.21-11.28.21_0005.MP4,,YYR,Y,Y,8.0,,1.0,,,1,1,1,,,,60,female unbanded ,NSA,,True,./curated/femvisitation-videos/LM.P2_11.24.21-11.28.21_0005.MP4
191,CAMARAS TRAMPAS - Dec 21-Jan 22,Lek Mocoras,Pista 2 (YYR),11.24.21-11.28.21 (card full; no footage from midday 11.28 to 11.30),11.24.21-11.28.21 (card full; no footage from midday 11.28 to 11.30),LM.P2_11.24.21-11.28.21_0014-female-visitation.MP4,,YYR,Y,Y,5.0,,,,,1,1,1,,,,60,female unbanded ,NSA,,True,./curated/femvisitation-videos/LM.P2_11.24.21-11.28.21_0014-female-visitation.MP4
192,CAMARAS TRAMPAS - Dec 21-Jan 22,Lek Mocoras,Pista 2 (YYR),11.24.21-11.28.21 (card full; no footage from midday 11.28 to 11.30),11.24.21-11.28.21 (card full; no footage from midday 11.28 to 11.30),LM.P2_11.24.21-11.28.21_0016-female-visitation.MP4,,YYR,Y,Y,10.0,,1.0,,,1,1,1,,,,60,female unbanded ,NSA,,True,./curated/femvisitation-videos/LM.P2_11.24.21-11.28.21_0016-female-visitation.MP4
193,CAMARAS TRAMPAS - Dec 21-Jan 22,Lek Mocoras,Pista 2 (YYR),11.24.21-11.28.21 (card full; no footage from midday 11.28 to 11.30),11.24.21-11.28.21 (card full; no footage from midday 11.28 to 11.30),LM.P2_11.24.21-11.28.21_0017-female-visitation.MP4,,YYR,Y,Y,4.0,,1.0,,,1,1,1,,,,60,female unbanded ,NSA,,True,./curated/femvisitation-videos/LM.P2_11.24.21-11.28.21_0017-female-visitation.MP4
194,CAMARAS TRAMPAS - Dec 21-Jan 22,Lek Mocoras,Pista 2 (YYR),11.24.21-11.28.21 (card full; no footage from midday 11.28 to 11.30),11.24.21-11.28.21 (card full; no footage from midday 11.28 to 11.30),LM.P2_11.24.21-11.28.21_0056.MP4,,YYR,Y,Y,6.0,,1.0,,,1,1,1,,,,60,female unbanded ,NSA,,True,./curated/femvisitation-videos/LM.P2_11.24.21-11.28.21_0056.MP4
195,CAMARAS TRAMPAS - Dec 21-Jan 22,Lek Mocoras,Pista 2 (YYR),11.24.21-11.28.21 (card full; no footage from midday 11.28 to 11.30),11.24.21-11.28.21 (card full; no footage from midday 11.28 to 11.30),LM.P2_11.24.21-11.28.21_0070.MP4,,YYR,Y,Y,6.0,,2.0,,,1,1,1,,,,60,female unbanded ,NSA,,True,./curated/femvisitation-videos/LM.P2_11.24.21-11.28.21_0070.MP4
196,CAMARAS TRAMPAS - Dec 21-Jan 22,Lek Mocoras,Pista 2 (YYR),11.24.21-11.28.21 (card full; no footage from midday 11.28 to 11.30),11.24.21-11.28.21 (card full; no footage from midday 11.28 to 11.30),LM.P2_11.24.21-11.28.21_0079.MP4,,YYR,Y,Y,13.0,,2.0,,,1,1,1,,,,60,female unbanded ,NSA,,True,./curated/femvisitation-videos/LM.P2_11.24.21-11.28.21_0079.MP4
197,CAMARAS TRAMPAS - Dec 21-Jan 22,Lek Mocoras,Pista 2 (YYR),11.24.21-11.28.21 (card full; no footage from midday 11.28 to 11.30),11.24.21-11.28.21 (card full; no footage from midday 11.28 to 11.30),LM.P2_11.24.21-11.28.21_0085.MP4,,YYR,Y,Y,10.0,,1.0,,,1,1,1,,,,60,female unbanded ,NSA,,True,./curated/femvisitation-videos/LM.P2_11.24.21-11.28.21_0085.MP4
198,CAMARAS TRAMPAS - Dec 21-Jan 22,Lek Mocoras,Pista 2 (YYR),12.1.21-12.5.21,12.1.21-12.5.21,LM.P2_12.1.21-12.5.21_0016.MP4,,YYR,Y,Y,11.0,1.0,,,,1,1,1,,,,60,female unbanded ,NSA,,True,./curated/femvisitation-videos/LM.P2_12.1.21-12.5.21_0016.MP4
199,CAMARAS TRAMPAS - Dec 21-Jan 22,Lek Mocoras,Pista 2 (YYR),12.1.21-12.5.21,12.1.21-12.5.21,LM.P2_12.1.21-12.5.21_0017.MP4,,YYR,Y,Y,1.0,,,,,1,1,1,,,,60,female unbanded ,NSA,,True,./curated/femvisitation-videos/LM.P2_12.1.21-12.5.21_0017.MP4
200,CAMARAS TRAMPAS - Dec 21-Jan 22,Lek Mocoras,Pista 2 (YYR),12.1.21-12.5.21,12.1.21-12.5.21,LM.P2_12.1.21-12.5.21_0027.MP4,,YYR,Y,Y,8.0,,1.0,,,1,1,1,,,,60,female unbanded ,NSA,,True,./curated/femvisitation-videos/LM.P2_12.1.21-12.5.21_0027.MP4
201,CAMARAS TRAMPAS - Dec 21-Jan 22,Lek Mocoras,Pista 2 (YYR),12.1.21-12.5.21,12.1.21-12.5.21,LM.P2_12.1.21-12.5.21_0028.MP4,,YYR,Y,Y,14.0,,4.0,,,1,1,1,,,,60,female unbanded ,NSA,,True,./curated/femvisitation-videos/LM.P2_12.1.21-12.5.21_0028.MP4
202,CAMARAS TRAMPAS - Dec 21-Jan 22,Lek Mocoras,Pista 2 (YYR),12.1.21-12.5.21,12.1.21-12.5.21,LM.P2_12.1.21-12.5.21_0030.MP4,,YYR,Y,Y,2.0,,,,,1,1,1,,,,60,female unbanded ,NSA,,True,./curated/femvisitation-videos/LM.P2_12.1.21-12.5.21_0030.MP4
203,CAMARAS TRAMPAS - Dec 21-Jan 22,Lek Mocoras,Pista 2 (YYR),12.1.21-12.5.21,12.1.21-12.5.21,LM.P2_12.1.21-12.5.21_0040.MP4,,YYR,Y,Y,13.0,,3.0,,,1,1,1,,,,60,female unbanded ,NSA,,True,./curated/femvisitation-videos/LM.P2_12.1.21-12.5.21_0040.MP4
204,CAMARAS TRAMPAS - Dec 21-Jan 22,Lek Mocoras,Pista 2 (YYR),12.1.21-12.5.21,12.1.21-12.5.21,LM.P2_12.1.21-12.5.21_0041.MP4,,YYR,Y,Y,10.0,,2.0,,,1,1,1,,,,60,female unbanded ,NSA,,True,./curated/femvisitation-videos/LM.P2_12.1.21-12.5.21_0041.MP4
205,CAMARAS TRAMPAS - Dec 21-Jan 22,Lek Mocoras,Pista 2 (YYR),12.1.21-12.5.21,12.1.21-12.5.21,LM.P2_12.1.21-12.5.21_0051.MP4,,YYR,Y,Y,11.0,,3.0,,,1,1,1,,,,60,female unbanded ,NSA,,True,./curated/femvisitation-videos/LM.P2_12.1.21-12.5.21_0051.MP4
206,CAMARAS TRAMPAS - Dec 21-Jan 22,Lek Mocoras,Pista 2 (YYR),12.14.21-12.18.21,12.14.21-12.18.21,LM.P2_12.14.21-12.18.21_0065.MP4,,YYR,Y,Y,6.0,,2.0,,,1,1,1,,,,30,female unbanded ,NSA,,True,./curated/femvisitation-videos/LM.P2_12.14.21-12.18.21_0065.MP4
207,CAMARAS TRAMPAS - Dec 21-Jan 22,Lek Mocoras,Pista 2 (YYR),12.14.21-12.18.21,12.14.21-12.18.21,LM.P2_12.14.21-12.18.21_0085.MP4,,YYR,Y,Y,14.0,,2.0,,,1,1,1,,,,30,female unbanded ,NSA,,True,./curated/femvisitation-videos/LM.P2_12.14.21-12.18.21_0085.MP4
208,CAMARAS TRAMPAS - Dec 21-Jan 22,Lek Mocoras,Pista 2 (YYR),12.14.21-12.18.21,12.14.21-12.18.21,LM.P2_12.14.21-12.18.21_0097.MP4,,YYR,Y,Y,6.0,,1.0,,,1,1,1,,,,30,female unbanded ,NSA,,True,./curated/femvisitation-videos/LM.P2_12.14.21-12.18.21_0097.MP4
209,CAMARAS TRAMPAS - Dec 21-Jan 22,Lek Mocoras,Pista 2 (YYR),12.14.21-12.18.21,12.14.21-12.18.21,LM.P2_12.14.21-12.18.21_0098.MP4,,YYR,Y,Y,6.0,2.0,1.0,,,1,1,1,,,,30,female unbanded ,NSA,,True,./curated/femvisitation-videos/LM.P2_12.14.21-12.18.21_0098.MP4
210,CAMARAS TRAMPAS - Dec 21-Jan 22,Lek Mocoras,Pista 2 (YYR),12.18.21-12.26.21 (card full midday 12.26 to eod 12.28),12.18.21-12.26.21 (card full midday 12.26 to eod 12.28),LM.P2_12.18.21-12.26.21_0026.MP4,,YYR,Y,Y,8.0,3.0,,,,1,1,1,,,,30,YOW? (female is banded),STK,,True,./curated/femvisitation-videos/LM.P2_12.18.21-12.26.21_0026.MP4
211,CAMARAS TRAMPAS - Dec 21-Jan 22,Lek Mocoras,Pista 2 (YYR),12.18.21-12.26.21 (card full midday 12.26 to eod 12.28),12.18.21-12.26.21 (card full midday 12.26 to eod 12.28),LM.P2_12.18.21-12.26.21_0028.MP4,,YYR,Y,Y,6.0,1.0,,,2.0,1,1,1,,,,30,BOW? (female is banded),STK,,True,./curated/femvisitation-videos/LM.P2_12.18.21-12.26.21_0028.MP4
212,CAMARAS TRAMPAS - Dec 21-Jan 22,Lek Mocoras,Pista 2 (YYR),12.18.21-12.26.21 (card full midday 12.26 to eod 12.28),12.18.21-12.26.21 (card full midday 12.26 to eod 12.28),LM.P2_12.18.21-12.26.21_0037.MP4,,YYR,Y,Y,2.0,1.0,,1.0,,1,1,1,,,,30,,STK,,True,./curated/femvisitation-videos/LM.P2_12.18.21-12.26.21_0037.MP4
213,CAMARAS TRAMPAS - Dec 21-Jan 22,Lek Mocoras,Pista 2 (YYR),12.18.21-12.26.21 (card full midday 12.26 to eod 12.28),12.18.21-12.26.21 (card full midday 12.26 to eod 12.28),LM.P2_12.18.21-12.26.21_0073.MP4,,YYR,Y,Y,5.0,,,,,1,1,1,,,,30,roll in distance,ILW,,True,./curated/femvisitation-videos/LM.P2_12.18.21-12.26.21_0073.MP4
214,CAMARAS TRAMPAS - Dec 21-Jan 22,Lek Mocoras,Pista 2 (YYR),12.18.21-12.26.21 (card full midday 12.26 to eod 12.28),12.18.21-12.26.21 (card full midday 12.26 to eod 12.28),LM.P2_12.18.21-12.26.21_0170.MP4,,YYR,Y,Y,5.0,2.0,,,,1,1,1,0.0,,,30,"calls and rolls, unable to detect which bird",ILW,,True,./curated/femvisitation-videos/LM.P2_12.18.21-12.26.21_0170.MP4
215,CAMARAS TRAMPAS - Dec 21-Jan 22,Lek Mocoras,Pista 2 (YYR),12.18.21-12.26.21 (card full midday 12.26 to eod 12.28),12.18.21-12.26.21 (card full midday 12.26 to eod 12.28),LM.P2_12.18.21-12.26.21_0174.MP4,,YYR,Y,Y,2.0,,,1.0,,1,1,1,0.0,,,30,raining,ILW,,True,./curated/femvisitation-videos/LM.P2_12.18.21-12.26.21_0174.MP4
216,CAMARAS TRAMPAS - Dec 21-Jan 22,Lek Mocoras,Pista 2 (YYR),12.18.21-12.26.21 (card full midday 12.26 to eod 12.28),12.18.21-12.26.21 (card full midday 12.26 to eod 12.28),LM.P2_12.18.21-12.26.21_0206.MP4,,YYR,Y,Y,9.0,,2.0,,,1,1,1,0.0,,,30,,ILW,,True,./curated/femvisitation-videos/LM.P2_12.18.21-12.26.21_0206.MP4
217,CAMARAS TRAMPAS - Dec 21-Jan 22,Lek Mocoras,Pista 2 (YYR),12.18.21-12.26.21 (card full midday 12.26 to eod 12.28),12.18.21-12.26.21 (card full midday 12.26 to eod 12.28),LM.P2_12.18.21-12.26.21_0213.MP4,,YYR,Y,Y,12.0,2.0,,,,1,1,1,0.0,,,30,,ILW,,True,./curated/femvisitation-videos/LM.P2_12.18.21-12.26.21_0213.MP4
218,CAMARAS TRAMPAS - Dec 21-Jan 22,Lek Mocoras,Pista 2 (YYR),12.5.21-12.11.21 (card full midday 12.11-12.14),12.5.21-12.11.21 (card full midday 12.11-12.14),LM.P2_12.5.21-12.11.21_0017.MP4,,YYR,Y,Y,6.0,,,,,1,1,1,,,,30,female unbanded ,NSA,,True,./curated/femvisitation-videos/LM.P2_12.5.21-12.11.21_0017.MP4
219,CAMARAS TRAMPAS - Dec 21-Jan 22,Lek Mocoras,Pista 2 (YYR),12.5.21-12.11.21 (card full midday 12.11-12.14),12.5.21-12.11.21 (card full midday 12.11-12.14),LM.P2_12.5.21-12.11.21_0024.MP4,,YYR,Y,Y,7.0,,2.0,,,1,1,1,,,,30,female unbanded,NSA,,True,./curated/femvisitation-videos/LM.P2_12.5.21-12.11.21_0024.MP4
220,CAMARAS TRAMPAS - Dec 21-Jan 22,Lek Mocoras,Pista 2 (YYR),12.5.21-12.11.21 (card full midday 12.11-12.14),12.5.21-12.11.21 (card full midday 12.11-12.14),LM.P2_12.5.21-12.11.21_0034.MP4,,UNK,Y,Y,9.0,,1.0,,,1,1,1,,,,30,female unbanded,NSA,,True,./curated/femvisitation-videos/LM.P2_12.5.21-12.11.21_0034.MP4
221,CAMARAS TRAMPAS - Dec 21-Jan 22,Lek Mocoras,Pista 2 (YYR),12.5.21-12.11.21 (card full midday 12.11-12.14),12.5.21-12.11.21 (card full midday 12.11-12.14),LM.P2_12.5.21-12.11.21_0049.MP4,,YYR,Y,Y,2.0,,,,,1,1,1,,,,30,female WUU,NSA,,True,./curated/femvisitation-videos/LM.P2_12.5.21-12.11.21_0049.MP4
222,CAMARAS TRAMPAS - Dec 21-Jan 22,Lek Mocoras,Pista 2 (YYR),12.5.21-12.11.21 (card full midday 12.11-12.14),12.5.21-12.11.21 (card full midday 12.11-12.14),LM.P2_12.5.21-12.11.21_0057.MP4,,YYR,Y,Y,9.0,,1.0,,,1,1,1,,,,30,female WUU,NSA,,True,./curated/femvisitation-videos/LM.P2_12.5.21-12.11.21_0057.MP4
223,CAMARAS TRAMPAS - Dec 21-Jan 22,Lek Mocoras,Pista 2 (YYR),12.5.21-12.11.21 (card full midday 12.11-12.14),12.5.21-12.11.21 (card full midday 12.11-12.14),LM.P2_12.5.21-12.11.21_0058.MP4,,YYR,Y,Y,10.0,,1.0,,,1,1,1,,,,30,female OGW,NSA,,True,./curated/femvisitation-videos/LM.P2_12.5.21-12.11.21_0058.MP4
224,CAMARAS TRAMPAS - Dec 21-Jan 22,Lek Mocoras,Pista 2 (YYR),12.5.21-12.11.21 (card full midday 12.11-12.14),12.5.21-12.11.21 (card full midday 12.11-12.14),LM.P2_12.5.21-12.11.21_0059.MP4,,YYR,Y,Y,12.0,1.0,1.0,,,1,1,1,,,,30,female unbanded; he aborts the grunt-jump,NSA,,True,./curated/femvisitation-videos/LM.P2_12.5.21-12.11.21_0059.MP4
225,CAMARAS TRAMPAS - Dec 21-Jan 22,Lek Mocoras,Pista 2 (YYR),12.5.21-12.11.21 (card full midday 12.11-12.14),12.5.21-12.11.21 (card full midday 12.11-12.14),LM.P2_12.5.21-12.11.21_0062.MP4,,YYR,Y,Y,13.0,,2.0,,,1,1,1,,,,30,female unbanded ,NSA,,True,./curated/femvisitation-videos/LM.P2_12.5.21-12.11.21_0062.MP4
226,CAMARAS TRAMPAS - Dec 21-Jan 22,Lek Mocoras,Pista 2 (YYR),12.5.21-12.11.21 (card full midday 12.11-12.14),12.5.21-12.11.21 (card full midday 12.11-12.14),LM.P2_12.5.21-12.11.21_0063.MP4,,YYR,Y,Y,7.0,,1.0,,,1,1,1,,,,30,female unbanded ,NSA,,True,./curated/femvisitation-videos/LM.P2_12.5.21-12.11.21_0063.MP4
227,CAMARAS TRAMPAS - Dec 21-Jan 22,Lek Mocoras,Pista 2 (YYR),12.5.21-12.11.21 (card full midday 12.11-12.14),12.5.21-12.11.21 (card full midday 12.11-12.14),LM.P2_12.5.21-12.11.21_0064.MP4,,YYR,Y,Y,7.0,,1.0,,,1,1,1,,,,30,female unbanded ,NSA,,True,./curated/femvisitation-videos/LM.P2_12.5.21-12.11.21_0064.MP4
228,CAMARAS TRAMPAS - Dec 21-Jan 22,Lek Mocoras,Pista 2 (YYR),12.5.21-12.11.21 (card full midday 12.11-12.14),12.5.21-12.11.21 (card full midday 12.11-12.14),LM.P2_12.5.21-12.11.21_0095.MP4,,YYR,Y,Y,7.0,,1.0,,,1,1,1,,,,30,female unbanded ,NSA,,True,./curated/femvisitation-videos/LM.P2_12.5.21-12.11.21_0095.MP4
229,CAMARAS TRAMPAS - Dec 21-Jan 22,Lek Mocoras,Pista 2 (YYR),12.5.21-12.11.21 (card full midday 12.11-12.14),12.5.21-12.11.21 (card full midday 12.11-12.14),LM.P2_12.5.21-12.11.21_0107.MP4,,YYR,Y,Y,11.0,,2.0,,,1,1,1,,,,30,female unbanded,NSA,,True,./curated/femvisitation-videos/LM.P2_12.5.21-12.11.21_0107.MP4
230,CAMARAS TRAMPAS - Dec 21-Jan 22,Lek Mocoras,Pista 2 (YYR),12.5.21-12.11.21 (card full midday 12.11-12.14),12.5.21-12.11.21 (card full midday 12.11-12.14),LM.P2_12.5.21-12.11.21_0126.MP4,,YYR,Y,Y,8.0,,1.0,,,1,1,1,,,,30,female unbanded ,NSA,,True,./curated/femvisitation-videos/LM.P2_12.5.21-12.11.21_0126.MP4
231,CAMARAS TRAMPAS - Dec 21-Jan 22,Lek Mocoras,Pista 2 (YYR),12.5.21-12.11.21 (card full midday 12.11-12.14),12.5.21-12.11.21 (card full midday 12.11-12.14),LM.P2_12.5.21-12.11.21_0127.MP4,,YYR,Y,Y,4.0,,1.0,1.0,,1,1,1,,,,30,female unbanded ,NSA,,True,./curated/femvisitation-videos/LM.P2_12.5.21-12.11.21_0127.MP4
232,CAMARAS TRAMPAS - Dec 21-Jan 22,Lek Mocoras,Pista 2 (YYR),12.5.21-12.11.21 (card full midday 12.11-12.14),12.5.21-12.11.21 (card full midday 12.11-12.14),LM.P2_12.5.21-12.11.21_0134.MP4,,YYR,Y,Y,6.0,,1.0,,,1,1,1,,,,30,female unbanded ,NSA,,True,./curated/femvisitation-videos/LM.P2_12.5.21-12.11.21_0134.MP4
233,CAMARAS TRAMPAS - Dec 21-Jan 22,Lek Mocoras,Pista 2 (YYR),12.5.21-12.11.21 (card full midday 12.11-12.14),12.5.21-12.11.21 (card full midday 12.11-12.14),LM.P2_12.5.21-12.11.21_0162.MP4,,YYR,Y,Y,8.0,,1.0,,,1,1,1,,,,30,female unbanded ,NSA,,True,./curated/femvisitation-videos/LM.P2_12.5.21-12.11.21_0162.MP4
234,CAMARAS TRAMPAS - Dec 21-Jan 22,Lek Mocoras,Pista 2 (YYR),12.5.21-12.11.21 (card full midday 12.11-12.14),12.5.21-12.11.21 (card full midday 12.11-12.14),LM.P2_12.5.21-12.11.21_0173.MP4,,YYR,Y,Y,6.0,,1.0,,,1,1,1,,,,30,female unbanded,NSA,,True,./curated/femvisitation-videos/LM.P2_12.5.21-12.11.21_0173.MP4
235,CAMARAS TRAMPAS - Dec 21-Jan 22,Lek Mocoras,Pista 3 (LRR),11.19.21-11.21.21,11.19.21-11.21.21,LM.P3_11.19.21-11.21.21_LRR-1_WUU-visitation.MP4,,LRR,Y,Y,4.0,,,,,1,1,1,,,,60,female WUU,NSA,,True,./curated/femvisitation-videos/LM.P3_11.19.21-11.21.21_LRR-1_WUU-visitation.MP4
236,CAMARAS TRAMPAS - Dec 21-Jan 22,Lek Mocoras,Pista 4 (URU),1.8.22-1.13.22,1.8.22-1.13.22,LM.P4_1.8.22-1.13.22_0014.MP4,,URU,Y,Y,10.0,,2.0,1.0,,1,1,1,,,,30,,DVD,,True,./curated/femvisitation-videos/LM.P4_1.8.22-1.13.22_0014.MP4
237,CAMARAS TRAMPAS - Dec 21-Jan 22,Lek Mocoras,Pista 4 (URU),1.8.22-1.13.22,1.8.22-1.13.22,LM.P4_1.8.22-1.13.22_0015.MP4,,URU,Y,Y,3.0,1.0,1.0,,1.0,1,1,1,,,,30,,DVD,,True,./curated/femvisitation-videos/LM.P4_1.8.22-1.13.22_0015.MP4
238,CAMARAS TRAMPAS - Dec 21-Jan 22,Lek Mocoras,Pista 4 (URU),1.8.22-1.13.22,1.8.22-1.13.22,LM.P4_1.8.22-1.13.22_0017.MP4,,URU,Y,Y,6.0,3.0,1.0,,,1,1,1,,,,30,female unbanded,DVD,,True,./curated/femvisitation-videos/LM.P4_1.8.22-1.13.22_0017.MP4
239,CAMARAS TRAMPAS - Dec 21-Jan 22,Lek Mocoras,Pista 4 (URU),1.8.22-1.13.22,1.8.22-1.13.22,LM.P4_1.8.22-1.13.22_0018.MP4,,URU,Y,Y,10.0,2.0,1.0,,,1,1,1,,,,30,female unbanded,DVD,,True,./curated/femvisitation-videos/LM.P4_1.8.22-1.13.22_0018.MP4
240,CAMARAS TRAMPAS - Dec 21-Jan 22,Lek Mocoras,Pista 4 (URU),1.8.22-1.13.22,1.8.22-1.13.22,LM.P4_1.8.22-1.13.22_0019.MP4,,URU,Y,Y,2.0,,1.0,,,1,1,1,,,,30,green bird opens mouth during leap between saplings; call heard moments later; could this be juv?,DVD,,True,./curated/femvisitation-videos/LM.P4_1.8.22-1.13.22_0019.MP4
241,CAMARAS TRAMPAS - Dec 21-Jan 22,Lek Mocoras,Pista 4 (URU),1.8.22-1.13.22,1.8.22-1.13.22,LM.P4_1.8.22-1.13.22_0020.MP4,,URU,Y,Y,10.0,,2.0,1.0,,1,1,1,,,,30,,DVD,,True,./curated/femvisitation-videos/LM.P4_1.8.22-1.13.22_0020.MP4
242,CAMARAS TRAMPAS - Dec 21-Jan 22,Lek Mocoras,Pista 4 (URU),1.8.22-1.13.22,1.8.22-1.13.22,LM.P4_1.8.22-1.13.22_0021.MP4,,URU,Y,Y,7.0,,2.0,,,1,1,1,,,,30,,DVD,,True,./curated/femvisitation-videos/LM.P4_1.8.22-1.13.22_0021.MP4
243,CAMARAS TRAMPAS - Dec 21-Jan 22,Lek Mocoras,Pista 4 (URU),1.8.22-1.13.22,1.8.22-1.13.22,LM.P4_1.8.22-1.13.22_0022.MP4,,URU,Y,Y,4.0,,1.0,1.0,,1,1,1,,,,30,,DVD,,True,./curated/femvisitation-videos/LM.P4_1.8.22-1.13.22_0022.MP4
244,CAMARAS TRAMPAS - Dec 21-Jan 22,Lek Mocoras,Pista 4 (URU),1.8.22-1.13.22,1.8.22-1.13.22,LM.P4_1.8.22-1.13.22_0048.MP4,,URU,Y,Y,12.0,3.0,2.0,,,1,1,1,,,,30,,DVD,,True,./curated/femvisitation-videos/LM.P4_1.8.22-1.13.22_0048.MP4
245,CAMARAS TRAMPAS - Dec 21-Jan 22,Lek Mocoras,Pista 4 (URU),1.8.22-1.13.22,1.8.22-1.13.22,LM.P4_1.8.22-1.13.22_0065.MP4,,UNK,Y,Y,8.0,2.0,1.0,,,1,1,1,0.0,,,30,female may have given csd? Male did not mount,ILW,,True,./curated/femvisitation-videos/LM.P4_1.8.22-1.13.22_0065.MP4
246,CAMARAS TRAMPAS - Dec 21-Jan 22,Lek Mocoras,Pista 4 (URU),1.8.22-1.13.22,1.8.22-1.13.22,LM.P4_1.8.22-1.13.22_0066.MP4,,UNK,Y,Y,5.0,,1.0,,,1,1,1,0.0,,,30,,ILW,,True,./curated/femvisitation-videos/LM.P4_1.8.22-1.13.22_0066.MP4
247,CAMARAS TRAMPAS - Dec 21-Jan 22,Lek Mocoras,Pista 4 (URU),1.8.22-1.13.22,1.8.22-1.13.22,LM.P4_1.8.22-1.13.22_0069.MP4,,UNK,Y,Y,7.0,2.0,1.0,2.0,,1,1,1,0.0,,,30,,ILW,,True,./curated/femvisitation-videos/LM.P4_1.8.22-1.13.22_0069.MP4
248,CAMARAS TRAMPAS - Dec 21-Jan 22,Lek Mocoras,Pista 4 (URU),1.8.22-1.13.22,1.8.22-1.13.22,LM.P4_1.8.22-1.13.22_0070.MP4,,UNK,Y,Y,11.0,3.0,2.0,,,1,1,1,0.0,,,30,,ILW,,True,./curated/femvisitation-videos/LM.P4_1.8.22-1.13.22_0070.MP4
249,CAMARAS TRAMPAS - Dec 21-Jan 22,Lek Mocoras,Pista 4 (URU),1.8.22-1.13.22,1.8.22-1.13.22,LM.P4_1.8.22-1.13.22_0076.MP4,,UNK,Y,Y,9.0,1.0,2.0,,,1,1,1,0.0,,,30,,ILW,,True,./curated/femvisitation-videos/LM.P4_1.8.22-1.13.22_0076.MP4
250,CAMARAS TRAMPAS - Dec 21-Jan 22,Lek Mocoras,Pista 4 (URU),1.8.22-1.13.22,1.8.22-1.13.22,LM.P4_1.8.22-1.13.22_0093.MP4,,UNK,Y,Y,13.0,,2.0,,,1,1,1,0.0,,,30,lots of early morning visits to this court?,ILW,,True,./curated/femvisitation-videos/LM.P4_1.8.22-1.13.22_0093.MP4
251,CAMARAS TRAMPAS - Dec 21-Jan 22,Lek Mocoras,Pista 4 (URU),1.8.22-1.13.22,1.8.22-1.13.22,LM.P4_1.8.22-1.13.22_0099.MP4,,URU,Y,Y,11.0,,3.0,,,1,1,1,0.0,,,30,,ILW,,True,./curated/femvisitation-videos/LM.P4_1.8.22-1.13.22_0099.MP4
252,CAMARAS TRAMPAS - Dec 21-Jan 22,Lek Mocoras,Pista 4 (URU),1.8.22-1.13.22,1.8.22-1.13.22,LM.P4_1.8.22-1.13.22_0108.MP4,,URU,Y,Y,23.0,,4.0,,,1,1,1,0.0,,,30,,ILW,,True,./curated/femvisitation-videos/LM.P4_1.8.22-1.13.22_0108.MP4
253,CAMARAS TRAMPAS - Dec 21-Jan 22,Lek Mocoras,Pista 4 (URU),1.8.22-1.13.22,1.8.22-1.13.22,LM.P4_1.8.22-1.13.22_0109.MP4,,URU,Y,Y,16.0,,3.0,,,1,1,1,0.0,,,30,,ILW,,True,./curated/femvisitation-videos/LM.P4_1.8.22-1.13.22_0109.MP4
254,CAMARAS TRAMPAS - Dec 21-Jan 22,Lek Mocoras,Pista 4 (URU),1.8.22-1.13.22,1.8.22-1.13.22,LM.P4_1.8.22-1.13.22_0112.MP4,,URU,Y,Y,15.0,,4.0,1.0,,1,1,1,0.0,,,30,,ILW,,True,./curated/femvisitation-videos/LM.P4_1.8.22-1.13.22_0112.MP4
255,CAMARAS TRAMPAS - Dec 21-Jan 22,Lek Mocoras,Pista 4 (URU),1.8.22-1.13.22,1.8.22-1.13.22,LM.P4_1.8.22-1.13.22_0126.MP4,,URU,Y,Y,10.0,,,1.0,,1,1,1,0.0,,,30,female LOW,ILW,,True,./curated/femvisitation-videos/LM.P4_1.8.22-1.13.22_0126.MP4
256,CAMARAS TRAMPAS - Dec 21-Jan 22,Lek Mocoras,Pista 4 (URU),1.8.22-1.13.22,1.8.22-1.13.22,LM.P4_1.8.22-1.13.22_0127.MP4,,URU,Y,Y,33.0,,5.0,,,1,1,1,0.0,,,30,female LOW,ILW,,True,./curated/femvisitation-videos/LM.P4_1.8.22-1.13.22_0127.MP4
257,CAMARAS TRAMPAS - Dec 21-Jan 22,Lek Mocoras,Pista 5 (unknown),1.8.22-1.20.22,1.8.22-1.20.22,LM.P5_1.8.22-1.20.22_0012.MP4,,,Y,Y,5.0,,1.0,,,1,1,1,,,,30,,ALE,,True,./curated/femvisitation-videos/LM.P5_1.8.22-1.20.22_0012.MP4
258,CAMARAS TRAMPAS - Dec 21-Jan 22,Lek Mocoras,Pista 5 (unknown),1.8.22-1.20.22,1.8.22-1.20.22,LM.P5_1.8.22-1.20.22_0018.MP4,,,Y,Y,5.0,,,,,1,1,1,,,,30,,ALE,,True,./curated/femvisitation-videos/LM.P5_1.8.22-1.20.22_0018.MP4
259,CAMARAS TRAMPAS - Dec 21-Jan 22,Lek Mocoras,Pista 5 (unknown),1.8.22-1.20.22,1.8.22-1.20.22,LM.P5_1.8.22-1.20.22_0029.MP4,,,Y,Y,1.0,,,,,1,1,1,,,,30,,ALE,,True,./curated/femvisitation-videos/LM.P5_1.8.22-1.20.22_0029.MP4
